AB10,Aberdeen,392900,804900
AB11,Aberdeen,394500,805300
AB12,Aberdeen,393300,801100
AB13,Aberdeen,385600,801900
AB14,Aberdeen,383600,801100
AB15,Aberdeen,390000,805300
AB16,Aberdeen,390600,807800
AB21,Aberdeen,387900,813200
AB22,Aberdeen,392800,810700
AB23,Aberdeen,394700,813500
AB25,Aberdeen,393200,806900
AB30,Aberdeen,370900,772900
AB31,Aberdeen,368100,798300
AB32,Aberdeen,380800,807200
AB33,Aberdeen,355200,815100
AB34,Aberdeen,350800,800600
AB35,Aberdeen,330300,794700
AB36,Aberdeen,335600,812300
AB37,Aberdeen,318700,827500
AB38,Aberdeen,326500,844600
AB39,Aberdeen,386800,787400
AB41,Aberdeen,393700,831700
AB42,Aberdeen,406700,845600
AB43,Aberdeen,397400,863000
AB44,Aberdeen,370700,864400
AB45,Aberdeen,366200,862500
AB51,Aberdeen,375600,822100
AB52,Aberdeen,363500,828300
AB53,Aberdeen,376400,848400
AB54,Aberdeen,354200,840600
AB55,Aberdeen,340700,848600
AB56,Aberdeen,344800,865300
AL1,St. Albans,515800,206900
AL10,St. Albans,522200,208300
AL2,St. Albans,515100,203800
AL3,St. Albans,512400,210100
AL4,St. Albans,517700,209500
AL5,St. Albans,513600,214400
AL6,St. Albans,524200,216300
AL7,St. Albans,525100,212500
AL8,St. Albans,523500,213200
AL9,St. Albans,524400,206700
B1,Birmingham,406300,286800
B10,Birmingham,410100,285800
B11,Birmingham,409600,284100
B12,Birmingham,408000,284700
B13,Birmingham,408300,282100
B14,Birmingham,407600,280000
B15,Birmingham,405200,285400
B16,Birmingham,404500,286500
B17,Birmingham,402700,284800
B18,Birmingham,405200,288200
B19,Birmingham,406500,288800
B2,Birmingham,407000,286800
B20,Birmingham,405600,290700
B21,Birmingham,404100,289900
B23,Birmingham,409900,292300
B24,Birmingham,411700,291300
B25,Birmingham,412200,285300
B26,Birmingham,414300,284800
B27,Birmingham,412100,283000
B28,Birmingham,410800,281000
B29,Birmingham,403600,282200
B3,Birmingham,406700,287000
B30,Birmingham,404900,280500
B31,Birmingham,401900,278900
B32,Birmingham,400500,283400
B33,Birmingham,414500,287000
B34,Birmingham,414900,288700
B35,Birmingham,414400,291300
B36,Birmingham,415000,289600
B37,Birmingham,417600,286800
B38,Birmingham,404500,278000
B4,Birmingham,407200,287200
B40,Birmingham,418900,284600
B42,Birmingham,406000,292900
B43,Birmingham,404800,294500
B44,Birmingham,407900,294200
B45,Birmingham,399400,276700
B46,Birmingham,420800,290100
B47,Birmingham,408200,276600
B48,Birmingham,403500,273100
B49,Birmingham,409100,257700
B5,Birmingham,407100,285800
B50,Birmingham,410000,252300
B6,Birmingham,407800,289600
B60,Birmingham,396600,269800
B61,Birmingham,395400,271900
B62,Birmingham,397800,284300
B63,Birmingham,395500,283800
B64,Birmingham,395400,286100
B65,Birmingham,397100,287300
B66,Birmingham,402400,288400
B67,Birmingham,401600,287600
B68,Birmingham,400000,286800
B69,Birmingham,398100,289400
B7,Birmingham,408700,288400
B70,Birmingham,399800,291400
B71,Birmingham,400700,293100
B72,Birmingham,412100,294900
B73,Birmingham,410700,295000
B74,Birmingham,409600,298400
B75,Birmingham,413000,297900
B76,Birmingham,414500,294200
B77,Birmingham,422500,302400
B78,Birmingham,422100,301000
B79,Birmingham,421600,305900
B8,Birmingham,410800,288100
B80,Birmingham,407100,264300
B9,Birmingham,410300,286700
B90,Birmingham,412000,278100
B91,Birmingham,414800,279600
B92,Birmingham,415400,282100
B93,Birmingham,417500,275900
B94,Birmingham,414200,272600
B95,Birmingham,415000,265300
B96,Birmingham,402700,261600
B97,Birmingham,403100,266800
B98,Birmingham,405900,267300
BA1,Bath,375000,165900
BA10,Bath,368800,135000
BA11,Bath,377300,148700
BA12,Bath,386900,141400
BA13,Bath,387500,151500
BA14,Bath,386000,157800
BA15,Bath,381600,161400
BA16,Bath,348000,136500
BA2,Bath,373800,162400
BA20,Bath,354900,115600
BA21,Bath,355500,117100
BA22,Bath,355300,119000
BA3,Bath,367000,153000
BA4,Bath,362900,141500
BA5,Bath,354400,146200
BA6,Bath,350700,138200
BA7,Bath,363700,132300
BA8,Bath,371200,122300
BA9,Bath,371300,128800
BB1,Blackburn,369500,429000
BB10,Blackburn,385600,433700
BB11,Blackburn,383400,431900
BB12,Blackburn,380900,434200
BB18,Blackburn,388800,446500
BB2,Blackburn,367000,427400
BB3,Blackburn,369300,422500
BB4,Blackburn,380900,423100
BB5,Blackburn,375500,428800
BB6,Blackburn,372600,433000
BB7,Blackburn,374600,442000
BB8,Blackburn,389300,440200
BB9,Blackburn,385900,437900
BD1,Bradford,416300,433300
BD10,Bradford,418100,437300
BD11,Bradford,421400,428400
BD12,Bradford,415800,427800
BD13,Bradford,409300,432200
BD14,Bradford,412100,431800
BD15,Bradford,410800,434800
BD16,Bradford,411000,439200
BD17,Bradford,415300,439000
BD18,Bradford,414700,437300
BD19,Bradford,419000,425700
BD2,Bradford,417500,435400
BD20,Bradford,403500,444500
BD21,Bradford,406200,440900
BD22,Bradford,403100,438800
BD23,Bradford,396500,455200
BD24,Bradford,382100,464700
BD3,Bradford,418000,433600
BD4,Bradford,418600,431100
BD5,Bradford,416000,431400
BD6,Bradford,414300,429800
BD7,Bradford,414400,431900
BD8,Bradford,414400,433900
BD9,Bradford,413900,435100
BH1,Bournemouth,409900,91700
BH10,Bournemouth,407700,95500
BH11,Bournemouth,405900,95800
BH12,Bournemouth,405200,93100
BH13,Bournemouth,405800,90100
BH14,Bournemouth,404000,91400
BH15,Bournemouth,401100,91400
BH16,Bournemouth,396900,93200
BH17,Bournemouth,401800,94100
BH18,Bournemouth,400500,95500
BH19,Bournemouth,402200,79100
BH2,Bournemouth,408400,91400
BH20,Bournemouth,389700,87500
BH21,Bournemouth,401900,101500
BH22,Bournemouth,407900,100700
BH23,Bournemouth,417400,94100
BH24,Bournemouth,415100,105000
BH25,Bournemouth,424200,94800
BH3,Bournemouth,408500,92900
BH31,Bournemouth,409000,108500
BH4,Bournemouth,407200,91300
BH5,Bournemouth,411700,91800
BH6,Bournemouth,413800,92000
BH7,Bournemouth,411900,92900
BH8,Bournemouth,410500,93500
BH9,Bournemouth,409100,94500
BL0,Bolton,379200,416600
BL1,Bolton,370600,410500
BL2,Bolton,373900,410200
BL3,Bolton,371400,407700
BL4,Bolton,373500,405700
BL5,Bolton,365900,406000
BL6,Bolton,364300,410700
BL7,Bolton,372100,414900
BL8,Bolton,378400,412100
BL9,Bolton,381100,410600
BN1,Brighton,531100,106100
BN10,Brighton,541100,101500
BN11,Brighton,514400,102800
BN12,Brighton,511000,102800
BN13,Brighton,512300,104700
BN14,Brighton,514100,104900
BN15,Brighton,518000,104800
BN16,Brighton,506100,102800
BN17,Brighton,503200,102700
BN18,Brighton,500000,106500
BN2,Brighton,533600,104500
BN20,Brighton,559000,99700
BN21,Brighton,560500,99500
BN22,Brighton,561000,101300
BN23,Brighton,563000,102400
BN24,Brighton,564200,104500
BN25,Brighton,548700,99600
BN26,Brighton,556600,104800
BN27,Brighton,559300,110500
BN3,Brighton,528500,105500
BN41,Brighton,525700,106100
BN42,Brighton,524500,105700
BN43,Brighton,522100,105500
BN44,Brighton,518000,111500
BN45,Brighton,527700,111600
BN5,Brighton,521700,115600
BN6,Brighton,529800,116100
BN7,Brighton,540700,110600
BN8,Brighton,544200,114700
BN9,Brighton,544500,101600
BR1,Bromley,540600,170000
BR2,Bromley,540700,167500
BR3,Bromley,537000,169000
BR4,Bromley,538700,166000
BR5,Bromley,546400,167800
BR6,Bromley,545700,165100
BR7,Bromley,544100,170000
BR8,Bromley,551400,168800
BS1,Bristol,358800,172900
BS10,Bristol,357700,178800
BS11,Bristol,353200,177800
BS13,Bristol,357500,168300
BS14,Bristol,361000,168400
BS15,Bristol,364900,173500
BS16,Bristol,364600,176400
BS2,Bristol,359700,173600
BS20,Bristol,347800,175900
BS21,Bristol,341000,171000
BS22,Bristol,335300,162800
BS23,Bristol,332400,160900
BS24,Bristol,335100,159200
BS25,Bristol,342500,158300
BS26,Bristol,340400,153800
BS27,Bristol,346300,152800
BS28,Bristol,343200,147700
BS29,Bristol,338900,159500
BS3,Bristol,358200,171200
BS30,Bristol,367200,171900
BS31,Bristol,365800,167800
BS32,Bristol,361200,182800
BS34,Bristol,360900,180700
BS35,Bristol,362000,188800
BS36,Bristol,366300,180900
BS37,Bristol,371100,182400
BS39,Bristol,363000,158900
BS4,Bristol,361000,170800
BS40,Bristol,351900,161100
BS41,Bristol,354700,169500
BS48,Bristol,348000,169900
BS49,Bristol,343100,164900
BS5,Bristol,361800,173800
BS6,Bristol,358400,174800
BS7,Bristol,359700,176600
BS8,Bristol,356900,173400
BS9,Bristol,356600,176700
BS99,Bristol,360200,173400
BT1,Belfast,146300,529800
BT10,Belfast,142500,525600
BT11,Belfast,141700,527400
BT12,Belfast,144500,529100
BT13,Belfast,144400,530600
BT14,Belfast,144300,532300
BT15,Belfast,146300,532500
BT16,Belfast,154700,528400
BT17,Belfast,140300,525100
BT18,Belfast,153500,534100
BT19,Belfast,163500,534700
BT2,Belfast,146200,529100
BT20,Belfast,163700,535400
BT21,Belfast,171300,532800
BT22,Belfast,172200,517700
BT23,Belfast,159900,525000
BT24,Belfast,148800,509300
BT25,Belfast,133200,507800
BT26,Belfast,136800,513900
BT27,Belfast,139800,520200
BT28,Belfast,135500,521900
BT29,Belfast,129300,533100
BT3,Belfast,148000,532000
BT30,Belfast,159200,499500
BT31,Belfast,141600,494200
BT32,Belfast,124100,501600
BT33,Belfast,146200,487600
BT34,Belfast,127100,481300
BT35,Belfast,110000,483500
BT36,Belfast,145100,538500
BT37,Belfast,148200,538300
BT38,Belfast,155500,543800
BT39,Belfast,141500,546300
BT4,Belfast,150300,529900
BT40,Belfast,154700,556900
BT41,Belfast,125800,545900
BT42,Belfast,125200,559500
BT43,Belfast,126500,563400
BT44,Belfast,125900,572800
BT45,Belfast,101600,550500
BT46,Belfast,100800,562300
BT47,Belfast,66600,576800
BT48,Belfast,59500,581300
BT49,Belfast,83800,583800
BT5,Belfast,150000,528400
BT51,Belfast,101200,583700
BT52,Belfast,103500,592100
BT53,Belfast,114600,585900
BT54,Belfast,129100,597800
BT55,Belfast,100200,597400
BT56,Belfast,104200,599200
BT57,Belfast,112600,599000
BT6,Belfast,148200,527500
BT60,Belfast,97500,498500
BT61,Belfast,99800,506800
BT62,Belfast,110400,511100
BT63,Belfast,115200,509800
BT64,Belfast,115300,514900
BT65,Belfast,117000,514300
BT66,Belfast,119200,515300
BT67,Belfast,123600,518600
BT68,Belfast,85200,507600
BT69,Belfast,79100,514500
BT7,Belfast,146500,527800
BT70,Belfast,83800,524300
BT71,Belfast,95600,523300
BT74,Belfast,32000,509000
BT75,Belfast,54900,510800
BT76,Belfast,63300,515100
BT77,Belfast,68200,515600
BT78,Belfast,52800,532900
BT79,Belfast,64400,537900
BT8,Belfast,147500,523100
BT80,Belfast,93700,538100
BT81,Belfast,38400,547700
BT82,Belfast,51500,561400
BT9,Belfast,144800,526800
BT92,Belfast,44100,494600
BT93,Belfast,22600,523400
BT94,Belfast,40300,512000
CA1,Carlisle,341600,554900
CA10,Carlisle,357400,524200
CA11,Carlisle,349300,530200
CA12,Carlisle,326800,523600
CA13,Carlisle,311900,530300
CA14,Carlisle,300800,527700
CA15,Carlisle,304600,536200
CA16,Carlisle,368800,520000
CA17,Carlisle,377300,509300
CA18,Carlisle,309700,496300
CA19,Carlisle,310200,499900
CA2,Carlisle,339100,554800
CA20,Carlisle,305200,502600
CA21,Carlisle,301800,506600
CA22,Carlisle,300800,510500
CA23,Carlisle,303400,514300
CA24,Carlisle,300200,514400
CA25,Carlisle,301800,515200
CA26,Carlisle,304200,517600
CA27,Carlisle,296900,511800
CA28,Carlisle,298000,517600
CA3,Carlisle,339800,557400
CA4,Carlisle,346500,550500
CA5,Carlisle,334800,551600
CA6,Carlisle,342900,567000
CA7,Carlisle,320500,546500
CA8,Carlisle,356100,560700
CA9,Carlisle,373100,545300
CB1,Cambridge,549700,255400
CB10,Cambridge,555400,239300
CB11,Cambridge,552000,235800
CB2,Cambridge,545900,253800
CB3,Cambridge,538300,259200
CB4,Cambridge,544400,262700
CB5,Cambridge,550900,262400
CB6,Cambridge,551300,280800
CB7,Cambridge,558000,276800
CB8,Cambridge,565700,262000
CB9,Cambridge,567300,245500
CF10,Cardiff,318300,175700
CF11,Cardiff,317200,175600
CF14,Cardiff,316600,180800
CF15,Cardiff,311700,182500
CF23,Cardiff,320200,180300
CF24,Cardiff,319200,176900
CF3,Cardiff,322900,180700
CF31,Cardiff,290700,180100
CF32,Cardiff,290300,185800
CF33,Cardiff,282700,182000
CF34,Cardiff,285700,191500
CF35,Cardiff,294700,181500
CF36,Cardiff,282100,177600
CF37,Cardiff,307700,190200
CF38,Cardiff,307700,185500
CF39,Cardiff,301400,190200
CF40,Cardiff,299600,192300
CF41,Cardiff,297500,195400
CF42,Cardiff,294800,197600
CF43,Cardiff,299800,196500
CF44,Cardiff,299300,203200
CF45,Cardiff,305900,197600
CF46,Cardiff,310100,197100
CF47,Cardiff,305100,206800
CF48,Cardiff,305500,205600
CF5,Cardiff,313800,176700
CF61,Cardiff,297100,168700
CF62,Cardiff,309000,168100
CF63,Cardiff,312700,168900
CF64,Cardiff,317400,171200
CF71,Cardiff,299000,174700
CF72,Cardiff,303000,182200
CF81,Cardiff,314100,200900
CF82,Cardiff,314500,195500
CF83,Cardiff,315700,188200
CH1,Chester,339400,367600
CH2,Chester,342000,369200
CH3,Chester,345100,363600
CH4,Chester,337300,363900
CH41,Chester,331500,389100
CH42,Chester,332100,386900
CH43,Chester,329600,387900
CH44,Chester,331100,391500
CH45,Chester,330200,392900
CH46,Chester,326200,390200
CH47,Chester,322300,389500
CH48,Chester,322200,386700
CH49,Chester,326700,387700
CH5,Chester,330500,368000
CH6,Chester,323600,373200
CH60,Chester,327100,381600
CH61,Chester,326700,384000
CH62,Chester,334700,382400
CH63,Chester,332700,383600
CH64,Chester,330200,377300
CH65,Chester,339900,376000
CH66,Chester,337700,376000
CH7,Chester,324300,364200
CH8,Chester,317300,376800
CM0,Chelmsford,596200,199800
CM1,Chelmsford,569600,208000
CM11,Chelmsford,569300,194500
CM12,Chelmsford,567200,194900
CM13,Chelmsford,561900,193400
CM14,Chelmsford,558700,193600
CM15,Chelmsford,559500,196400
CM16,Chelmsford,546600,202300
CM17,Chelmsford,548000,210200
CM18,Chelmsford,545400,208500
CM19,Chelmsford,543200,208900
CM2,Chelmsford,571800,205500
CM20,Chelmsford,545200,210600
CM21,Chelmsford,548000,214800
CM22,Chelmsford,553000,220500
CM23,Chelmsford,548700,221500
CM24,Chelmsford,551800,224600
CM3,Chelmsford,578500,205500
CM4,Chelmsford,565400,200000
CM5,Chelmsford,555300,204900
CM6,Chelmsford,562900,222500
CM7,Chelmsford,574600,225200
CM8,Chelmsford,581900,215200
CM9,Chelmsford,586500,208200
CO1,Colchester,600200,225200
CO10,Colchester,586700,243400
CO11,Colchester,611600,231500
CO12,Colchester,623700,230900
CO13,Colchester,623100,220500
CO14,Colchester,625100,221900
CO15,Colchester,617600,215600
CO16,Colchester,615400,218200
CO2,Colchester,599300,223000
CO3,Colchester,597000,224600
CO4,Colchester,601100,227200
CO5,Colchester,594500,216700
CO6,Colchester,591800,228800
CO7,Colchester,606800,224900
CO8,Colchester,590100,234200
CO9,Colchester,579300,233300
CR0,Croydon,534000,165500
CR2,Croydon,533700,163000
CR3,Croydon,533900,156000
CR4,Croydon,528100,168900
CR5,Croydon,529700,158700
CR6,Croydon,535800,158400
CR7,Croydon,532000,168000
CR8,Croydon,531600,161400
CT1,Canterbury,615300,157700
CT10,Canterbury,638800,168200
CT11,Canterbury,637800,165200
CT12,Canterbury,634900,165800
CT13,Canterbury,632300,157300
CT14,Canterbury,636500,151800
CT15,Canterbury,629500,146500
CT16,Canterbury,631000,143100
CT17,Canterbury,630600,141800
CT18,Canterbury,620500,139800
CT19,Canterbury,622000,136900
CT2,Canterbury,614900,159400
CT20,Canterbury,621700,135900
CT21,Canterbury,615600,134900
CT3,Canterbury,624000,158100
CT4,Canterbury,614200,151800
CT5,Canterbury,611400,166000
CT6,Canterbury,617900,167500
CT7,Canterbury,629700,168800
CT8,Canterbury,632500,169900
CT9,Canterbury,635900,170400
CV1,Coventry,433600,279200
CV10,Coventry,433900,292100
CV11,Coventry,437100,291400
CV12,Coventry,435800,286400
CV13,Coventry,439700,301800
CV2,Coventry,436400,280700
CV21,Coventry,449400,274700
CV22,Coventry,448600,273300
CV23,Coventry,447100,274000
CV3,Coventry,435300,277400
CV31,Coventry,432500,264600
CV32,Coventry,432000,266600
CV33,Coventry,435200,262300
CV34,Coventry,428700,265100
CV35,Coventry,427700,259100
CV36,Coventry,425700,241100
CV37,Coventry,419600,254200
CV4,Coventry,429600,277900
CV47,Coventry,442000,259700
CV5,Coventry,430600,279500
CV6,Coventry,433500,281700
CV7,Coventry,429700,283000
CV8,Coventry,431100,272700
CV9,Coventry,429900,298700
CW1,Crewe,370900,356300
CW10,Crewe,370200,365900
CW11,Crewe,375600,360700
CW12,Crewe,385900,363100
CW2,Crewe,370100,353900
CW3,Crewe,372800,344800
CW4,Crewe,376800,367800
CW5,Crewe,365100,351800
CW6,Crewe,355500,363000
CW7,Crewe,364800,366100
CW8,Crewe,362400,373100
CW9,Crewe,366600,373700
DA1,Dartford,553500,174300
DA10,Dartford,560400,174300
DA11,Dartford,563600,173300
DA12,Dartford,566000,172600
DA13,Dartford,563900,167500
DA14,Dartford,546900,171700
DA15,Dartford,545900,173400
DA16,Dartford,546500,176100
DA17,Dartford,549200,178700
DA18,Dartford,548800,179200
DA2,Dartford,555300,172700
DA3,Dartford,560700,167600
DA4,Dartford,555300,168200
DA5,Dartford,549200,173500
DA6,Dartford,548700,175100
DA7,Dartford,549100,176300
DA8,Dartford,551200,177500
DA9,Dartford,558400,174600
DD1,Dundee,339800,730300
DD10,Dundee,373900,761800
DD11,Dundee,363300,742500
DD2,Dundee,336700,731300
DD3,Dundee,339100,732700
DD4,Dundee,342400,732600
DD5,Dundee,346900,732100
DD6,Dundee,342900,727600
DD7,Dundee,355800,734800
DD8,Dundee,343500,752000
DD9,Dundee,359200,762000
DE1,Derby,435300,336000
DE11,Derby,430100,319700
DE12,Derby,430200,314300
DE13,Derby,421000,323400
DE14,Derby,424300,323100
DE15,Derby,426400,322500
DE21,Derby,438200,337500
DE22,Derby,433900,337500
DE23,Derby,434000,333900
DE24,Derby,436900,332700
DE3,Derby,430900,334700
DE4,Derby,429200,359000
DE45,Derby,421600,368700
DE5,Derby,440100,349900
DE55,Derby,442100,356200
DE56,Derby,435300,347300
DE6,Derby,419000,344100
DE65,Derby,426300,330000
DE7,Derby,445600,341900
DE72,Derby,443100,333100
DE73,Derby,438000,327900
DE74,Derby,445200,327600
DE75,Derby,443400,346400
DG1,Dumfries,299100,576600
DG10,Dumfries,308800,603800
DG11,Dumfries,314800,580700
DG12,Dumfries,320000,566800
DG13,Dumfries,334500,587000
DG14,Dumfries,337100,576700
DG16,Dumfries,331700,567500
DG2,Dumfries,294200,575700
DG3,Dumfries,285600,595100
DG4,Dumfries,276300,610800
DG5,Dumfries,284000,560100
DG6,Dumfries,268000,551100
DG7,Dumfries,271200,565500
DG8,Dumfries,238600,556000
DG9,Dumfries,206200,557900
DH1,Durham,427900,543000
DH2,Durham,425900,551700
DH3,Durham,427800,553100
DH4,Durham,432700,551200
DH5,Durham,435100,547800
DH6,Durham,434500,539900
DH7,Durham,421600,543900
DH8,Durham,410000,551200
DH9,Durham,418800,552600
DL1,Darlington,430000,515100
DL10,Darlington,420100,502100
DL11,Darlington,408100,504800
DL12,Darlington,401000,519700
DL13,Darlington,403000,535700
DL14,Darlington,420000,528600
DL15,Darlington,417500,535000
DL16,Darlington,425500,533800
DL17,Darlington,429600,531900
DL2,Darlington,425800,514900
DL3,Darlington,427800,515300
DL4,Darlington,423000,526200
DL5,Darlington,427400,524800
DL6,Darlington,439700,497400
DL7,Darlington,433500,493700
DL8,Darlington,414000,488600
DL9,Darlington,418900,497800
DN1,Doncaster,457700,403200
DN10,Doncaster,470200,392800
DN11,Doncaster,460900,395400
DN12,Doncaster,451700,398800
DN14,Doncaster,470200,424000
DN15,Doncaster,489300,414000
DN16,Doncaster,490100,408800
DN17,Doncaster,486000,409200
DN18,Doncaster,502600,421600
DN19,Doncaster,508400,422100
DN2,Doncaster,459500,404400
DN20,Doncaster,499000,407800
DN21,Doncaster,486300,392200
DN22,Doncaster,471500,381300
DN3,Doncaster,462400,405900
DN31,Doncaster,526700,409900
DN32,Doncaster,527900,409100
DN33,Doncaster,526100,406500
DN34,Doncaster,525100,408400
DN35,Doncaster,530100,408300
DN36,Doncaster,530200,403400
DN37,Doncaster,523600,406500
DN38,Doncaster,506500,408400
DN39,Doncaster,510200,414700
DN4,Doncaster,458300,401400
DN40,Doncaster,517500,415300
DN41,Doncaster,519500,411200
DN5,Doncaster,454900,404900
DN6,Doncaster,454500,411400
DN7,Doncaster,465200,409900
DN8,Doncaster,469100,413600
DN9,Doncaster,473400,401700
DT1,Dorchester,368900,90300
DT10,Dorchester,376600,115400
DT11,Dorchester,387300,106900
DT2,Dorchester,368000,94600
DT3,Dorchester,367000,82500
DT4,Dorchester,367200,79000
DT5,Dorchester,368800,72100
DT6,Dorchester,345300,93600
DT7,Dorchester,333200,92600
DT8,Dorchester,346600,102200
DT9,Dorchester,363800,115900
DY1,Dudley,393500,291000
DY10,Dudley,384700,276500
DY11,Dudley,382300,276400
DY12,Dudley,377600,276500
DY13,Dudley,380900,271000
DY14,Dudley,368500,275900
DY2,Dudley,394500,288800
DY3,Dudley,391300,292500
DY4,Dudley,396400,292800
DY5,Dudley,391700,287000
DY6,Dudley,388900,289000
DY7,Dudley,384800,285400
DY8,Dudley,389500,284700
DY9,Dudley,391700,282000
E1,London,534700,181700
E10,London,537800,187400
E11,London,539600,187400
E12,London,542400,185500
E13,London,540600,182900
E14,London,537500,180500
E15,London,538900,184200
E16,London,540600,181100
E17,London,537300,189400
E18,London,540400,190100
E1W,London,534800,180600
E2,London,534500,183000
E3,London,537000,182900
E4,London,538200,193400
E5,London,535000,186300
E6,London,542600,182800
E7,London,540600,185100
E8,London,534300,184400
E9,London,535700,184500
EC1,London,531700,182200
EC1A,London,531600,181900
EC1M,London,531700,182000
EC1N,London,531300,181900
EC1R,London,531300,182400
EC1V,London,532000,182500
EC1Y,London,532300,182200
EC2,London,532600,181900
EC2A,London,532800,182200
EC2M,London,532800,181700
EC2N,London,532800,181500
EC2R,London,532400,181500
EC2V,London,532300,181400
EC2Y,London,532100,181900
EC3,London,533000,181200
EC3A,London,533100,181400
EC3M,London,533000,181100
EC3N,London,533300,181100
EC3P,London,531700,181900
EC3R,London,532900,181000
EC3V,London,532800,181200
EC4,London,531800,181300
EC4A,London,531300,181400
EC4M,London,531800,181300
EC4N,London,532300,181300
EC4R,London,532400,181000
EC4V,London,531900,181100
EC4Y,London,531300,181200
EH1,Edinburgh,325800,673900
EH10,Edinburgh,324400,670400
EH11,Edinburgh,322000,671900
EH12,Edinburgh,320600,672900
EH13,Edinburgh,322400,669000
EH14,Edinburgh,319800,669200
EH15,Edinburgh,330600,673200
EH16,Edinburgh,327900,670500
EH17,Edinburgh,328600,668800
EH18,Edinburgh,329800,665400
EH19,Edinburgh,330900,665000
EH2,Edinburgh,325400,674100
EH20,Edinburgh,327700,665700
EH21,Edinburgh,334700,672200
EH22,Edinburgh,333700,666200
EH23,Edinburgh,334200,661200
EH24,Edinburgh,329100,662500
EH25,Edinburgh,326500,663400
EH26,Edinburgh,323400,660600
EH27,Edinburgh,311000,667300
EH28,Edinburgh,313400,671700
EH29,Edinburgh,312700,674600
EH3,Edinburgh,325100,674100
EH30,Edinburgh,313700,677700
EH31,Edinburgh,348500,682900
EH32,Edinburgh,340800,675400
EH33,Edinburgh,341000,672500
EH34,Edinburgh,345000,668800
EH35,Edinburgh,341100,669000
EH36,Edinburgh,346700,662900
EH37,Edinburgh,340000,663600
EH38,Edinburgh,339800,655200
EH39,Edinburgh,354500,684100
EH4,Edinburgh,321500,675100
EH40,Edinburgh,359100,677700
EH41,Edinburgh,351600,673100
EH42,Edinburgh,367300,678000
EH43,Edinburgh,336400,637200
EH44,Edinburgh,332900,636800
EH45,Edinburgh,325000,640800
EH46,Edinburgh,315300,650100
EH47,Edinburgh,295900,664200
EH48,Edinburgh,296000,668800
EH49,Edinburgh,300300,677100
EH5,Edinburgh,324100,676400
EH51,Edinburgh,300000,681000
EH52,Edinburgh,307400,672600
EH53,Edinburgh,307700,667700
EH54,Edinburgh,304700,667600
EH55,Edinburgh,301600,662700
EH6,Edinburgh,326700,676000
EH7,Edinburgh,327300,674800
EH8,Edinburgh,327400,673500
EH9,Edinburgh,326000,671800
EN1,Enfield,533700,196800
EN10,Enfield,536700,206500
EN11,Enfield,537500,209300
EN2,Enfield,532000,197300
EN3,Enfield,535700,197400
EN4,Enfield,527300,196000
EN5,Enfield,524900,196100
EN6,Enfield,526000,201700
EN7,Enfield,533600,203100
EN8,Enfield,536000,201800
EN9,Enfield,539200,201500
EX1,Exeter,293800,92900
EX10,Exeter,312100,88900
EX11,Exeter,309200,94900
EX12,Exeter,323700,90200
EX13,Exeter,329000,99100
EX14,Exeter,316200,102200
EX15,Exeter,305800,109500
EX16,Exeter,295200,114800
EX17,Exeter,280100,102800
EX18,Exeter,267300,113100
EX19,Exeter,259000,110600
EX2,Exeter,292900,91200
EX20,Exeter,257600,96500
EX21,Exeter,244400,103000
EX22,Exeter,233300,105900
EX23,Exeter,221600,105800
EX24,Exeter,323200,93800
EX3,Exeter,297000,88500
EX31,Exeter,255500,133900
EX32,Exeter,258600,132200
EX33,Exeter,248200,137200
EX34,Exeter,253100,146500
EX35,Exeter,272400,148800
EX36,Exeter,274300,125700
EX37,Exeter,263000,121800
EX38,Exeter,248900,118300
EX39,Exeter,242500,126300
EX4,Exeter,292300,93500
EX5,Exeter,298500,96300
EX6,Exeter,287200,87700
EX7,Exeter,295800,78000
EX8,Exeter,300900,82100
EX9,Exeter,306500,83000
FK1,Falkirk,288100,678400
FK10,Falkirk,289300,692800
FK11,Falkirk,285100,696800
FK12,Falkirk,288200,697000
FK13,Falkirk,291900,696700
FK14,Falkirk,296900,698200
FK15,Falkirk,279100,702800
FK16,Falkirk,272200,701700
FK17,Falkirk,262500,707500
FK18,Falkirk,256100,717100
FK19,Falkirk,257100,722200
FK2,Falkirk,290600,680500
FK20,Falkirk,237700,726900
FK21,Falkirk,257100,732800
FK3,Falkirk,292800,681100
FK4,Falkirk,281100,679900
FK5,Falkirk,286700,682900
FK6,Falkirk,280700,682600
FK7,Falkirk,280800,691000
FK8,Falkirk,272600,695000
FK9,Falkirk,279500,696100
FY1,Blackpool,331200,436000
FY2,Blackpool,331700,439300
FY3,Blackpool,332800,436600
FY4,Blackpool,332300,433300
FY5,Blackpool,332900,442500
FY6,Blackpool,335500,441800
FY7,Blackpool,332600,447200
FY8,Blackpool,334000,428700
G1,Glasgow,259400,665300
G11,Glasgow,255400,666900
G12,Glasgow,256100,667600
G13,Glasgow,253300,669200
G14,Glasgow,253100,667800
G15,Glasgow,252200,671000
G2,Glasgow,258900,665700
G20,Glasgow,257300,668200
G21,Glasgow,261100,667500
G22,Glasgow,259300,668600
G23,Glasgow,257200,670000
G3,Glasgow,257800,666000
G31,Glasgow,261800,664900
G32,Glasgow,264600,663800
G33,Glasgow,264500,666600
G34,Glasgow,267900,665900
G4,Glasgow,259100,666200
G40,Glasgow,260900,663900
G41,Glasgow,257100,662900
G42,Glasgow,258700,662200
G43,Glasgow,256600,660700
G44,Glasgow,258700,660200
G45,Glasgow,260200,659100
G46,Glasgow,255500,659200
G5,Glasgow,259000,663900
G51,Glasgow,255200,665100
G52,Glasgow,253000,664100
G53,Glasgow,252700,661200
G60,Glasgow,246700,672600
G61,Glasgow,254400,672000
G62,Glasgow,255100,674600
G63,Glasgow,252700,685800
G64,Glasgow,261500,670900
G65,Glasgow,271600,677500
G66,Glasgow,265500,674000
G67,Glasgow,276000,674500
G68,Glasgow,274500,675200
G69,Glasgow,268500,666500
G71,Glasgow,270200,660700
G72,Glasgow,266600,658800
G73,Glasgow,261800,660700
G74,Glasgow,263700,655000
G76,Glasgow,257500,656200
G77,Glasgow,253900,655800
G78,Glasgow,249000,658100
G81,Glasgow,249600,671500
G82,Glasgow,239300,676200
G83,Glasgow,238900,682900
G84,Glasgow,228400,683500
GL1,Gloucester,383500,218000
GL10,Gloucester,380400,205000
GL11,Gloucester,375400,199000
GL12,Gloucester,373400,191900
GL13,Gloucester,368300,199500
GL14,Gloucester,367000,213300
GL15,Gloucester,362000,204400
GL16,Gloucester,357900,211000
GL17,Gloucester,364600,217600
GL18,Gloucester,371500,227100
GL19,Gloucester,380300,227200
GL2,Gloucester,381600,216500
GL20,Gloucester,391100,233900
GL3,Gloucester,387800,218500
GL4,Gloucester,385100,216000
GL5,Gloucester,384900,204500
GL50,Gloucester,394500,222400
GL51,Gloucester,392600,222300
GL52,Gloucester,396000,224200
GL53,Gloucester,395400,220300
GL54,Gloucester,409400,222100
GL55,Gloucester,415900,240300
GL56,Gloucester,420300,232300
GL6,Gloucester,386800,204100
GL7,Gloucester,407100,201600
GL8,Gloucester,388200,193700
GL9,Gloucester,379400,184400
GU1,Guildford,500200,150300
GU10,Guildford,484100,145000
GU11,Guildford,486400,150700
GU12,Guildford,488600,151100
GU13,Guildford,481100,153500
GU14,Guildford,486400,155600
GU15,Guildford,487800,160300
GU16,Guildford,488600,157700
GU17,Guildford,484600,159700
GU18,Guildford,492600,161900
GU19,Guildford,491200,163100
GU2,Guildford,498300,150500
GU20,Guildford,493500,164100
GU21,Guildford,499100,158900
GU22,Guildford,501100,158000
GU23,Guildford,504000,156400
GU24,Guildford,495700,159900
GU25,Guildford,499500,167900
GU26,Guildford,487800,135600
GU27,Guildford,489800,132200
GU28,Guildford,496200,122200
GU29,Guildford,488000,121300
GU3,Guildford,496100,150600
GU30,Guildford,483900,131300
GU31,Guildford,477000,122500
GU32,Guildford,472300,123800
GU33,Guildford,477700,128400
GU34,Guildford,471100,138300
GU35,Guildford,480700,135900
GU4,Guildford,501900,150400
GU46,Guildford,481800,160500
GU47,Guildford,484400,161700
GU5,Guildford,503700,145900
GU51,Guildford,480900,154500
GU52,Guildford,481100,152400
GU6,Guildford,506200,139100
GU7,Guildford,497100,144300
GU8,Guildford,495100,140000
GU9,Guildford,484300,147300
HA0,Harrow,517600,184900
HA1,Harrow,515300,188100
HA2,Harrow,513800,187400
HA3,Harrow,516400,189600
HA4,Harrow,510200,186900
HA5,Harrow,511900,189700
HA6,Harrow,509400,191400
HA7,Harrow,517200,191500
HA8,Harrow,519600,191700
HA9,Harrow,518800,185900
HD1,Huddersfield,414000,416700
HD2,Huddersfield,414900,419100
HD3,Huddersfield,411400,417400
HD4,Huddersfield,413500,414500
HD5,Huddersfield,416800,416800
HD6,Huddersfield,414400,422800
HD7,Huddersfield,408200,414200
HD8,Huddersfield,421200,411700
HD9,Huddersfield,413600,409300
HG1,Harrogate,430600,456100
HG2,Harrogate,431100,454700
HG3,Harrogate,425100,459500
HG4,Harrogate,428300,473500
HG5,Harrogate,435600,457600
HP1,Hemel Hempstead,504400,207400
HP10,Hemel Hempstead,489900,190900
HP11,Hemel Hempstead,486900,192500
HP12,Hemel Hempstead,484600,192600
HP13,Hemel Hempstead,487100,193500
HP14,Hemel Hempstead,481000,195100
HP15,Hemel Hempstead,489100,196100
HP16,Hemel Hempstead,488600,201200
HP17,Hemel Hempstead,478000,209200
HP18,Hemel Hempstead,470200,213300
HP19,Hemel Hempstead,481000,214400
HP2,Hemel Hempstead,506800,208300
HP20,Hemel Hempstead,482500,214100
HP21,Hemel Hempstead,482400,212700
HP22,Hemel Hempstead,485100,212700
HP23,Hemel Hempstead,492400,211600
HP27,Hemel Hempstead,480800,203000
HP3,Hemel Hempstead,505600,205400
HP4,Hemel Hempstead,498900,208600
HP5,Hemel Hempstead,496200,202500
HP6,Hemel Hempstead,496900,198700
HP7,Hemel Hempstead,496200,197200
HP8,Hemel Hempstead,498700,194800
HP9,Hemel Hempstead,494300,191100
HR1,Hereford,354100,240900
HR2,Hereford,346200,234900
HR3,Hereford,326400,244500
HR4,Hereford,347500,243600
HR5,Hereford,329800,255400
HR6,Hereford,347400,259700
HR7,Hereford,364400,254400
HR8,Hereford,369600,238600
HR9,Hereford,360000,223500
HS1,Scottish Islands,142700,933300
HS2,Scottish Islands,137900,937600
HS3,Scottish Islands,112300,898000
HS4,Scottish Islands,121900,896300
HS5,Scottish Islands,105300,889700
HS6,Scottish Islands,83500,869100
HS7,Scottish Islands,79800,852200
HS8,Scottish Islands,77500,828400
HS9,Scottish Islands,67600,800000
HU1,Hull,509800,428700
HU10,Hull,502800,429500
HU11,Hull,517200,438100
HU12,Hull,523300,426900
HU13,Hull,503200,426500
HU14,Hull,498900,426800
HU15,Hull,490900,428900
HU16,Hull,504100,432900
HU17,Hull,503500,440100
HU18,Hull,520400,447500
HU19,Hull,534300,427100
HU2,Hull,509600,429500
HU20,Hull,498000,433500
HU3,Hull,507900,428500
HU4,Hull,505500,427800
HU5,Hull,507100,430500
HU6,Hull,507500,432900
HU7,Hull,510300,433800
HU8,Hull,512100,431600
HU9,Hull,513000,430200
HX1,Halifax,408600,425000
HX2,Halifax,406300,426800
HX3,Halifax,410300,425600
HX4,Halifax,407900,420400
HX5,Halifax,410900,421100
HX6,Halifax,405000,422400
HX7,Halifax,399500,427000
IG1,Ilford,543800,186500
IG10,Ilford,542900,196400
IG11,Ilford,545200,184000
IG2,Ilford,544200,188200
IG3,Ilford,545600,186900
IG4,Ilford,542400,188500
IG5,Ilford,543100,189700
IG6,Ilford,544700,190300
IG7,Ilford,544600,192600
IG8,Ilford,540800,191800
IG9,Ilford,541200,193700
IP1,Ipswich,615300,245600
IP10,Ipswich,624300,240700
IP11,Ipswich,629000,235500
IP12,Ipswich,631000,249200
IP13,Ipswich,627000,259300
IP14,Ipswich,607300,260800
IP15,Ipswich,646000,257100
IP16,Ipswich,645000,262300
IP17,Ipswich,639200,264900
IP18,Ipswich,650200,276600
IP19,Ipswich,638100,277100
IP2,Ipswich,615000,243200
IP20,Ipswich,625900,283900
IP21,Ipswich,620300,279000
IP22,Ipswich,607800,279700
IP23,Ipswich,613000,272200
IP24,Ipswich,587600,283700
IP25,Ipswich,592300,302500
IP26,Ipswich,574900,293100
IP27,Ipswich,575800,284500
IP28,Ipswich,573700,272900
IP29,Ipswich,582000,258300
IP3,Ipswich,618600,243000
IP30,Ipswich,593800,260600
IP31,Ipswich,592900,269600
IP32,Ipswich,585500,265200
IP33,Ipswich,584900,263900
IP4,Ipswich,618000,245000
IP5,Ipswich,622200,245300
IP6,Ipswich,613200,252700
IP7,Ipswich,602100,245300
IP8,Ipswich,611300,244900
IP9,Ipswich,616200,237200
IV1,Inverness,266300,846300
IV10,Inverness,272900,857000
IV11,Inverness,278500,867100
IV12,Inverness,288500,855300
IV13,Inverness,278900,829800
IV14,Inverness,247700,857900
IV15,Inverness,254800,859200
IV16,Inverness,260600,866200
IV17,Inverness,265300,870000
IV18,Inverness,271600,870000
IV19,Inverness,277500,881300
IV2,Inverness,268600,844100
IV20,Inverness,286600,879000
IV21,Inverness,178500,876500
IV22,Inverness,191300,877800
IV23,Inverness,221000,879900
IV24,Inverness,260400,891500
IV25,Inverness,278900,890900
IV26,Inverness,212100,896200
IV27,Inverness,235800,935400
IV28,Inverness,272600,904900
IV3,Inverness,265400,845200
IV30,Inverness,320800,863500
IV31,Inverness,323200,870400
IV32,Inverness,333700,860700
IV36,Inverness,304200,859000
IV4,Inverness,248000,842600
IV40,Inverness,180000,826300
IV41,Inverness,174800,826500
IV42,Inverness,169000,823000
IV43,Inverness,169600,813600
IV44,Inverness,165500,809300
IV45,Inverness,163300,804100
IV46,Inverness,158800,809600
IV47,Inverness,138400,831000
IV48,Inverness,153300,831900
IV49,Inverness,161800,822100
IV5,Inverness,255400,844500
IV51,Inverness,145500,851300
IV52,Inverness,180300,833300
IV53,Inverness,186200,833800
IV54,Inverness,183000,843600
IV55,Inverness,123500,850300
IV56,Inverness,133800,839300
IV6,Inverness,252900,851100
IV63,Inverness,249200,828500
IV7,Inverness,257500,857400
IV8,Inverness,264500,853800
IV9,Inverness,269800,855300
KA1,Kilmarnock,242800,636400
KA10,Kilmarnock,233000,631600
KA11,Kilmarnock,234700,639100
KA12,Kilmarnock,232300,639400
KA13,Kilmarnock,230200,643500
KA14,Kilmarnock,232300,652900
KA15,Kilmarnock,235200,653700
KA16,Kilmarnock,253200,637300
KA17,Kilmarnock,256300,637600
KA18,Kilmarnock,258400,619700
KA19,Kilmarnock,230900,609000
KA2,Kilmarnock,238500,636600
KA20,Kilmarnock,226900,642100
KA21,Kilmarnock,224900,642200
KA22,Kilmarnock,223400,643200
KA23,Kilmarnock,220600,647900
KA24,Kilmarnock,229500,649600
KA25,Kilmarnock,231300,654300
KA26,Kilmarnock,219800,595300
KA27,Kilmarnock,199900,631800
KA28,Kilmarnock,216600,655100
KA29,Kilmarnock,221000,655200
KA3,Kilmarnock,243000,641800
KA30,Kilmarnock,220600,659700
KA4,Kilmarnock,249900,636500
KA5,Kilmarnock,249300,626600
KA6,Kilmarnock,241500,616400
KA7,Kilmarnock,233800,620200
KA8,Kilmarnock,234900,622800
KA9,Kilmarnock,235500,625700
KT1,Kingston Upon Thames,518500,169000
KT10,Kingston Upon Thames,514600,164500
KT11,Kingston Upon Thames,511300,160000
KT12,Kingston Upon Thames,510900,165500
KT13,Kingston Upon Thames,508000,164400
KT14,Kingston Upon Thames,505500,161100
KT15,Kingston Upon Thames,504800,163800
KT16,Kingston Upon Thames,503400,166000
KT17,Kingston Upon Thames,522000,161700
KT18,Kingston Upon Thames,521100,159000
KT19,Kingston Upon Thames,520600,162800
KT2,Kingston Upon Thames,519000,170000
KT20,Kingston Upon Thames,523400,155600
KT21,Kingston Upon Thames,518400,158300
KT22,Kingston Upon Thames,515900,157100
KT23,Kingston Upon Thames,513700,154900
KT24,Kingston Upon Thames,509600,153400
KT3,Kingston Upon Thames,521300,168200
KT4,Kingston Upon Thames,522300,165800
KT5,Kingston Upon Thames,519200,167300
KT6,Kingston Upon Thames,518300,167000
KT7,Kingston Upon Thames,516400,167000
KT8,Kingston Upon Thames,513900,168200
KT9,Kingston Upon Thames,518200,164200
KW1,Orkney,334600,952700
KW10,Orkney,283200,900100
KW11,Orkney,275200,937100
KW12,Orkney,313100,958500
KW13,Orkney,289400,953400
KW14,Orkney,309600,967800
KW15,Orkney,344900,1010700
KW16,Orkney,326800,1008700
KW17,Orkney,342500,1017600
KW2,Orkney,331900,940600
KW3,Orkney,325100,936100
KW5,Orkney,319000,934000
KW6,Orkney,315400,929800
KW7,Orkney,311800,922900
KW8,Orkney,302000,915300
KW9,Orkney,290300,904200
KY1,Kirkcaldy,329300,693400
KY10,Kirkcaldy,356600,704400
KY11,Kirkcaldy,311900,684700
KY12,Kirkcaldy,307100,688100
KY13,Kirkcaldy,311200,702700
KY14,Kirkcaldy,323300,713800
KY15,Kirkcaldy,335000,712500
KY16,Kirkcaldy,349400,716900
KY2,Kirkcaldy,326500,692800
KY3,Kirkcaldy,323400,686300
KY4,Kirkcaldy,315400,692100
KY5,Kirkcaldy,319600,695500
KY6,Kirkcaldy,325700,701100
KY7,Kirkcaldy,328400,701100
KY8,Kirkcaldy,337300,701000
KY9,Kirkcaldy,348300,702200
L1,Liverpool,334900,390000
L10,Liverpool,338500,397900
L11,Liverpool,339300,395000
L12,Liverpool,340600,393500
L13,Liverpool,338900,391600
L14,Liverpool,341600,391700
L15,Liverpool,338900,389400
L16,Liverpool,341000,389500
L17,Liverpool,337500,387200
L18,Liverpool,339700,387500
L19,Liverpool,340000,385100
L2,Liverpool,334300,390500
L20,Liverpool,334400,395600
L21,Liverpool,333700,397600
L22,Liverpool,331900,398300
L23,Liverpool,332200,399900
L24,Liverpool,344300,383300
L25,Liverpool,342600,387200
L26,Liverpool,344600,385600
L27,Liverpool,344300,388200
L28,Liverpool,342600,393500
L29,Liverpool,334800,401600
L3,Liverpool,334600,390700
L30,Liverpool,335600,399100
L31,Liverpool,337900,402300
L32,Liverpool,341000,398300
L33,Liverpool,341900,399600
L34,Liverpool,345900,393600
L35,Liverpool,348000,391200
L36,Liverpool,344200,391200
L37,Liverpool,329600,407300
L38,Liverpool,330400,403600
L39,Liverpool,340700,407600
L4,Liverpool,336200,393900
L40,Liverpool,344400,412100
L5,Liverpool,335200,392500
L6,Liverpool,336900,391800
L69,Liverpool,335300,390500
L7,Liverpool,337000,390300
L70,Liverpool,335500,390700
L8,Liverpool,336000,388600
L9,Liverpool,336800,396500
LA1,Lancaster,347700,461500
LA10,Lancaster,367900,491100
LA11,Lancaster,339700,478700
LA12,Lancaster,329400,479200
LA13,Lancaster,321700,469800
LA14,Lancaster,319600,469900
LA15,Lancaster,323100,474000
LA16,Lancaster,321600,477400
LA17,Lancaster,323400,483200
LA18,Lancaster,316900,480700
LA19,Lancaster,310500,489500
LA2,Lancaster,355900,463500
LA20,Lancaster,321600,489400
LA21,Lancaster,330300,497100
LA22,Lancaster,336000,503500
LA23,Lancaster,340800,497700
LA3,Lancaster,342600,462000
LA4,Lancaster,344300,464100
LA5,Lancaster,348400,472200
LA6,Lancaster,360100,475700
LA7,Lancaster,349700,481400
LA8,Lancaster,350600,492300
LA9,Lancaster,351700,492500
LD1,Llandrindod Wells,306800,263400
LD2,Llandrindod Wells,304700,250200
LD3,Llandrindod Wells,305800,230000
LD4,Llandrindod Wells,293600,247800
LD5,Llandrindod Wells,289400,248900
LD6,Llandrindod Wells,297200,269000
LD7,Llandrindod Wells,326100,273300
LD8,Llandrindod Wells,328800,263800
LE1,Leicester,459000,304400
LE10,Leicester,442900,293400
LE11,Leicester,452900,319400
LE12,Leicester,454500,319100
LE13,Leicester,475200,319300
LE14,Leicester,474500,321300
LE15,Leicester,487900,307300
LE16,Leicester,475200,288200
LE17,Leicester,455900,285800
LE18,Leicester,460200,298800
LE2,Leicester,459900,301700
LE3,Leicester,455500,303800
LE4,Leicester,459300,307700
LE5,Leicester,461900,304700
LE6,Leicester,451300,307500
LE65,Leicester,435900,316900
LE67,Leicester,443200,313400
LE7,Leicester,463000,309300
LE8,Leicester,461200,295400
LE9,Leicester,448300,297200
LL11,Llandudno,330700,352300
LL12,Llandudno,333800,354800
LL13,Llandudno,335700,349200
LL14,Llandudno,329500,344400
LL15,Llandudno,312000,357000
LL16,Llandudno,304300,366300
LL17,Llandudno,304300,373900
LL18,Llandudno,301700,380300
LL19,Llandudno,306200,382500
LL20,Llandudno,322100,340900
LL21,Llandudno,305400,344600
LL22,Llandudno,293800,375800
LL23,Llandudno,292400,335400
LL24,Llandudno,280400,352600
LL25,Llandudno,274100,352500
LL26,Llandudno,280600,361700
LL27,Llandudno,278100,362700
LL28,Llandudno,282700,378200
LL29,Llandudno,286200,378300
LL30,Llandudno,279100,381700
LL31,Llandudno,279400,378600
LL32,Llandudno,277300,375300
LL33,Llandudno,267900,374400
LL34,Llandudno,272500,376600
LL35,Llandudno,261600,296300
LL36,Llandudno,260300,302700
LL37,Llandudno,259200,309600
LL38,Llandudno,262200,313100
LL39,Llandudno,264200,314500
LL40,Llandudno,273500,319300
LL41,Llandudno,269900,343100
LL42,Llandudno,261300,316200
LL43,Llandudno,258900,321700
LL44,Llandudno,258700,323600
LL45,Llandudno,258800,326800
LL46,Llandudno,258200,330700
LL47,Llandudno,261300,335800
LL48,Llandudno,260900,339600
LL49,Llandudno,256300,339000
LL51,Llandudno,249800,344200
LL52,Llandudno,249400,338700
LL53,Llandudno,232400,334800
LL54,Llandudno,246900,353700
LL55,Llandudno,252600,361900
LL56,Llandudno,253100,367800
LL57,Llandudno,259100,369900
LL58,Llandudno,260100,378000
LL59,Llandudno,255900,373000
LL60,Llandudno,248500,371100
LL61,Llandudno,248900,368900
LL62,Llandudno,240700,370800
LL63,Llandudno,235100,371900
LL64,Llandudno,232000,373100
LL65,Llandudno,228800,381300
LL66,Llandudno,240100,389800
LL67,Llandudno,236800,393300
LL68,Llandudno,242000,391700
LL69,Llandudno,245800,390200
LL70,Llandudno,247800,387700
LL71,Llandudno,242300,383800
LL72,Llandudno,250900,386000
LL73,Llandudno,250600,384400
LL74,Llandudno,251300,382300
LL75,Llandudno,252100,378600
LL76,Llandudno,250900,380500
LL77,Llandudno,245900,376200
LL78,Llandudno,249300,382400
LN1,Lincoln,494300,374500
LN10,Lincoln,519200,363900
LN11,Lincoln,534700,388200
LN12,Lincoln,550900,383800
LN13,Lincoln,545700,376500
LN2,Lincoln,499500,374100
LN3,Lincoln,505500,373000
LN4,Lincoln,508000,362700
LN5,Lincoln,496500,364800
LN6,Lincoln,493900,368300
LN7,Lincoln,509900,400800
LN8,Lincoln,511500,387600
LN9,Lincoln,526100,370600
LS1,Leeds,429800,433500
LS10,Leeds,430900,429600
LS11,Leeds,429300,431200
LS12,Leeds,426600,432800
LS13,Leeds,424100,435000
LS14,Leeds,435800,437000
LS15,Leeds,436600,434600
LS16,Leeds,426200,439500
LS17,Leeds,431100,440500
LS18,Leeds,423600,438300
LS19,Leeds,420900,440400
LS2,Leeds,429900,434000
LS20,Leeds,418900,442000
LS21,Leeds,421100,446200
LS22,Leeds,439800,448600
LS23,Leeds,442400,445500
LS24,Leeds,449200,441800
LS25,Leeds,444100,432400
LS26,Leeds,436400,428600
LS27,Leeds,426200,428100
LS28,Leeds,421800,434000
LS29,Leeds,412900,447200
LS3,Leeds,429000,434000
LS4,Leeds,427600,434900
LS5,Leeds,426200,435900
LS6,Leeds,428500,436000
LS7,Leeds,430300,435900
LS8,Leeds,432300,436600
LS9,Leeds,432400,433800
LU1,Luton,508500,220800
LU2,Luton,510400,222700
LU3,Luton,507100,224500
LU4,Luton,505500,223400
LU5,Luton,502300,224400
LU6,Luton,500800,220900
LU7,Luton,491900,224300
M1,Manchester,384400,397900
M11,Manchester,388100,398000
M12,Manchester,386600,396500
M13,Manchester,385800,396000
M14,Manchester,385100,394600
M15,Manchester,383400,396600
M16,Manchester,382500,395400
M17,Manchester,378900,397000
M18,Manchester,388800,396100
M19,Manchester,387100,393400
M2,Manchester,383900,398200
M20,Manchester,384700,392100
M21,Manchester,382000,393500
M22,Manchester,382800,387700
M23,Manchester,380900,389200
M24,Manchester,387000,406100
M25,Manchester,381800,403600
M26,Manchester,377900,407300
M27,Manchester,377700,401800
M28,Manchester,373700,402100
M29,Manchester,369700,401400
M3,Manchester,383400,398600
M30,Manchester,376500,398700
M31,Manchester,372000,391500
M32,Manchester,379500,394900
M33,Manchester,378400,391600
M34,Manchester,392200,395500
M35,Manchester,389900,401200
M38,Manchester,372100,404000
M4,Manchester,384800,398700
M40,Manchester,387400,400800
M41,Manchester,375900,395000
M43,Manchester,390200,398600
M44,Manchester,371700,393900
M45,Manchester,380900,405700
M46,Manchester,367500,403400
M5,Manchester,381100,398100
M6,Manchester,380300,399500
M60,Manchester,384900,398900
M7,Manchester,382700,401000
M8,Manchester,384200,401400
M9,Manchester,385900,402800
M90,Manchester,381600,385200
ME1,Medway,574000,166700
ME10,Medway,590600,164000
ME11,Medway,591100,171800
ME12,Medway,595000,173100
ME13,Medway,601900,160000
ME14,Medway,577200,156600
ME15,Medway,576800,153700
ME16,Medway,574300,155800
ME17,Medway,582200,151700
ME18,Medway,569100,152300
ME19,Medway,568100,157700
ME2,Medway,572900,168800
ME20,Medway,571400,159100
ME3,Medway,577000,173600
ME4,Medway,576100,167700
ME5,Medway,576400,164200
ME6,Medway,570100,161500
ME7,Medway,577900,167600
ME8,Medway,580900,165700
ME9,Medway,589800,162900
MK1,Milton Keynes,487400,234900
MK10,Milton Keynes,489300,238700
MK11,Milton Keynes,479500,240000
MK12,Milton Keynes,481200,240600
MK13,Milton Keynes,483400,240100
MK14,Milton Keynes,484900,240900
MK15,Milton Keynes,487200,240700
MK16,Milton Keynes,487600,244200
MK17,Milton Keynes,489200,233500
MK18,Milton Keynes,470800,231800
MK19,Milton Keynes,478700,242200
MK2,Milton Keynes,487600,233200
MK3,Milton Keynes,485600,233900
MK4,Milton Keynes,483900,234700
MK40,Milton Keynes,504600,250000
MK41,Milton Keynes,506300,251500
MK42,Milton Keynes,504500,248000
MK43,Milton Keynes,498800,247700
MK44,Milton Keynes,507600,256300
MK45,Milton Keynes,505100,237400
MK46,Milton Keynes,489500,251500
MK5,Milton Keynes,483500,236500
MK6,Milton Keynes,486300,237600
MK7,Milton Keynes,489900,236500
MK8,Milton Keynes,482100,238200
MK9,Milton Keynes,485100,238800
ML1,Motherwell,276200,658000
ML10,Motherwell,269900,644900
ML11,Motherwell,287700,642900
ML12,Motherwell,299400,631500
ML2,Motherwell,280100,655400
ML3,Motherwell,271200,654900
ML4,Motherwell,273400,660200
ML5,Motherwell,272900,664800
ML6,Motherwell,277200,665500
ML7,Motherwell,287700,661100
ML8,Motherwell,284400,650100
ML9,Motherwell,276500,649700
N1,London,532000,183800
N10,London,528600,190000
N11,London,528900,192200
N12,London,526300,192300
N13,London,531400,192900
N14,London,529500,194500
N15,London,532900,188800
N16,London,533400,186700
N17,London,533600,190600
N18,London,534000,192300
N19,London,529800,186800
N2,London,526900,189500
N20,London,526400,193900
N21,London,531600,194800
N22,London,530900,190700
N3,London,525200,190600
N4,London,531600,187500
N5,London,531900,185600
N6,London,528800,187500
N7,London,530600,185500
N8,London,530500,188900
N9,London,534500,194000
NE1,Newcastle upon Tyne,424900,564300
NE10,Newcastle upon Tyne,428600,561500
NE11,Newcastle upon Tyne,423600,560800
NE12,Newcastle upon Tyne,427600,570100
NE13,Newcastle upon Tyne,422700,572500
NE15,Newcastle upon Tyne,417900,565500
NE16,Newcastle upon Tyne,419800,559800
NE17,Newcastle upon Tyne,411800,557700
NE18,Newcastle upon Tyne,408900,571500
NE19,Newcastle upon Tyne,393900,587200
NE2,Newcastle upon Tyne,425300,565900
NE20,Newcastle upon Tyne,413700,573200
NE21,Newcastle upon Tyne,418000,562600
NE22,Newcastle upon Tyne,426500,582500
NE23,Newcastle upon Tyne,426700,576300
NE24,Newcastle upon Tyne,430600,581000
NE25,Newcastle upon Tyne,432800,572900
NE26,Newcastle upon Tyne,434700,573200
NE27,Newcastle upon Tyne,431300,571000
NE28,Newcastle upon Tyne,430800,567400
NE29,Newcastle upon Tyne,434300,568700
NE3,Newcastle upon Tyne,423500,568500
NE30,Newcastle upon Tyne,435800,569800
NE31,Newcastle upon Tyne,431300,564200
NE32,Newcastle upon Tyne,433100,563800
NE33,Newcastle upon Tyne,436600,566400
NE34,Newcastle upon Tyne,437100,564300
NE35,Newcastle upon Tyne,434600,562100
NE36,Newcastle upon Tyne,436000,561300
NE37,Newcastle upon Tyne,430400,557700
NE38,Newcastle upon Tyne,430500,555600
NE39,Newcastle upon Tyne,415500,558800
NE4,Newcastle upon Tyne,422900,564400
NE40,Newcastle upon Tyne,414600,563500
NE41,Newcastle upon Tyne,411600,564600
NE42,Newcastle upon Tyne,409300,563100
NE43,Newcastle upon Tyne,406100,561500
NE44,Newcastle upon Tyne,401400,560900
NE45,Newcastle upon Tyne,399000,564700
NE46,Newcastle upon Tyne,393200,565000
NE47,Newcastle upon Tyne,383900,559400
NE48,Newcastle upon Tyne,383600,581900
NE49,Newcastle upon Tyne,370600,563700
NE5,Newcastle upon Tyne,420000,566900
NE6,Newcastle upon Tyne,427900,564800
NE61,Newcastle upon Tyne,419800,587400
NE62,Newcastle upon Tyne,426000,585300
NE63,Newcastle upon Tyne,427900,587100
NE64,Newcastle upon Tyne,430900,587900
NE65,Newcastle upon Tyne,415800,602100
NE66,Newcastle upon Tyne,417000,615000
NE67,Newcastle upon Tyne,419400,626700
NE68,Newcastle upon Tyne,421600,631200
NE69,Newcastle upon Tyne,417900,634600
NE7,Newcastle upon Tyne,427000,567300
NE70,Newcastle upon Tyne,411600,633400
NE71,Newcastle upon Tyne,397200,629100
NE8,Newcastle upon Tyne,425400,562400
NE9,Newcastle upon Tyne,426700,559700
NE99,Newcastle upon Tyne,424800,563700
NG1,Nottingham,457300,340000
NG10,Nottingham,448300,333900
NG11,Nottingham,455600,333900
NG12,Nottingham,463600,335300
NG13,Nottingham,472500,339500
NG14,Nottingham,464600,346900
NG15,Nottingham,453400,350100
NG16,Nottingham,447400,348000
NG17,Nottingham,449500,357900
NG18,Nottingham,454600,360400
NG19,Nottingham,453700,362800
NG2,Nottingham,458400,337900
NG20,Nottingham,454500,368400
NG21,Nottingham,459900,360800
NG22,Nottingham,468800,365100
NG23,Nottingham,480300,358300
NG24,Nottingham,480500,353200
NG25,Nottingham,470000,353400
NG3,Nottingham,458500,341500
NG31,Nottingham,491500,336100
NG32,Nottingham,490700,340000
NG33,Nottingham,495800,325500
NG34,Nottingham,508000,344600
NG4,Nottingham,461400,341900
NG5,Nottingham,457500,344800
NG6,Nottingham,454300,344800
NG7,Nottingham,455400,340400
NG8,Nottingham,452900,341100
NG9,Nottingham,451400,336800
NN1,Northampton,476000,261000
NN10,Northampton,495700,266900
NN11,Northampton,456100,260600
NN12,Northampton,468600,248200
NN13,Northampton,458500,237500
NN14,Northampton,489000,279900
NN15,Northampton,488100,277100
NN16,Northampton,487000,279400
NN17,Northampton,489000,290000
NN18,Northampton,487300,287700
NN2,Northampton,475400,263300
NN29,Northampton,491200,263300
NN3,Northampton,478800,263300
NN4,Northampton,475400,258200
NN5,Northampton,473100,261600
NN6,Northampton,472000,269900
NN7,Northampton,473300,257400
NN8,Northampton,488800,268000
NN9,Northampton,495500,271500
NP10,Newport,327600,187300
NP11,Newport,321800,194400
NP12,Newport,317200,197400
NP13,Newport,321300,204600
NP15,Newport,338800,203400
NP16,Newport,352400,194800
NP18,Newport,334700,190200
NP19,Newport,333300,188300
NP20,Newport,330400,188500
NP22,Newport,313300,208800
NP23,Newport,317500,210300
NP24,Newport,314500,203100
NP25,Newport,350200,211900
NP26,Newport,346200,188300
NP4,Newport,327800,202800
NP44,Newport,329000,195200
NP7,Newport,330500,215000
NP8,Newport,321100,218600
NR1,Norwich,624000,308400
NR10,Norwich,619100,320400
NR11,Norwich,620600,332200
NR12,Norwich,634200,323700
NR13,Norwich,635000,309700
NR14,Norwich,629100,301700
NR15,Norwich,621900,294900
NR16,Norwich,607900,290900
NR17,Norwich,603300,295100
NR18,Norwich,610800,301600
NR19,Norwich,598000,312700
NR2,Norwich,622300,308700
NR20,Norwich,601300,318300
NR21,Norwich,592100,330900
NR22,Norwich,592900,336800
NR23,Norwich,592100,342900
NR24,Norwich,605400,333400
NR25,Norwich,607400,340300
NR26,Norwich,616100,342400
NR27,Norwich,621900,341500
NR28,Norwich,629100,330400
NR29,Norwich,645900,316800
NR3,Norwich,622900,310200
NR30,Norwich,652400,308900
NR31,Norwich,651400,304100
NR32,Norwich,653500,294500
NR33,Norwich,652700,290600
NR34,Norwich,643600,288300
NR35,Norwich,633300,290400
NR4,Norwich,621000,306800
NR5,Norwich,618800,309700
NR6,Norwich,622000,312100
NR8,Norwich,617100,313800
NR9,Norwich,610400,308800
NW1,London,528800,183200
NW10,London,521600,183800
NW11,London,525000,188200
NW2,London,523500,185900
NW3,London,526800,185300
NW4,London,523100,189100
NW5,London,528800,185300
NW6,London,525200,184100
NW7,London,522200,192200
NW8,London,526800,183000
NW9,London,520900,189000
OL1,Oldham,393000,405900
OL10,Oldham,385300,410500
OL11,Oldham,388500,412200
OL12,Oldham,389100,415500
OL13,Oldham,386600,422700
OL14,Oldham,393500,424200
OL15,Oldham,393400,416400
OL16,Oldham,391300,412900
OL2,Oldham,392800,408400
OL3,Oldham,399400,406300
OL4,Oldham,395200,405100
OL5,Oldham,397500,402300
OL6,Oldham,394300,399700
OL7,Oldham,393000,399300
OL8,Oldham,392300,403300
OL9,Oldham,390600,404800
OX1,Oxford,451100,205400
OX10,Oxford,460500,190300
OX11,Oxford,452200,189300
OX12,Oxford,439800,188600
OX13,Oxford,445100,198000
OX14,Oxford,450100,196800
OX15,Oxford,440700,237300
OX16,Oxford,445200,240700
OX17,Oxford,448700,241900
OX18,Oxford,428200,207200
OX2,Oxford,449900,207600
OX20,Oxford,444200,217800
OX25,Oxford,454200,222800
OX26,Oxford,458400,222900
OX27,Oxford,458600,226900
OX28,Oxford,435400,209800
OX29,Oxford,439200,210800
OX3,Oxford,454200,207300
OX33,Oxford,458900,207000
OX39,Oxford,475100,200800
OX4,Oxford,454200,203800
OX44,Oxford,460100,200600
OX49,Oxford,469200,195100
OX5,Oxford,449600,214800
OX6,Oxford,457300,223700
OX7,Oxford,432500,223800
OX8,Oxford,437600,210300
OX9,Oxford,470300,204900
PA1,Paisley,248700,663900
PA10,Paisley,240200,663000
PA11,Paisley,238400,665600
PA12,Paisley,235600,658900
PA13,Paisley,235600,669700
PA14,Paisley,233600,673700
PA15,Paisley,228400,675600
PA16,Paisley,225400,675800
PA17,Paisley,219700,667300
PA18,Paisley,219500,670000
PA19,Paisley,223800,676900
PA2,Paisley,247600,662200
PA20,Paisley,208600,664400
PA21,Paisley,197000,672400
PA22,Paisley,203000,679800
PA23,Paisley,217000,677400
PA24,Paisley,219600,699800
PA25,Paisley,211500,706700
PA26,Paisley,218100,711100
PA27,Paisley,208500,700000
PA28,Paisley,172100,621700
PA29,Paisley,182100,662300
PA3,Paisley,246800,664800
PA30,Paisley,185100,685400
PA31,Paisley,184400,689800
PA32,Paisley,206700,705500
PA33,Paisley,211300,723900
PA34,Paisley,184100,728800
PA35,Paisley,201100,728300
PA36,Paisley,229600,739900
PA37,Paisley,191400,735800
PA38,Paisley,195300,749400
PA4,Paisley,250100,667200
PA41,Paisley,164800,648700
PA42,Paisley,136600,646400
PA43,Paisley,131300,659700
PA44,Paisley,131000,664400
PA45,Paisley,139100,666300
PA46,Paisley,142300,670900
PA47,Paisley,117000,652400
PA48,Paisley,124900,658100
PA49,Paisley,124600,663100
PA5,Paisley,242900,662600
PA6,Paisley,241400,666300
PA60,Paisley,155300,672100
PA61,Paisley,138600,694500
PA62,Paisley,162200,725200
PA63,Paisley,170700,727300
PA64,Paisley,173500,733400
PA65,Paisley,170400,737000
PA66,Paisley,130900,723700
PA67,Paisley,138300,721500
PA68,Paisley,144700,734800
PA69,Paisley,147600,728400
PA7,Paisley,243800,671300
PA70,Paisley,150900,726400
PA71,Paisley,154900,739200
PA72,Paisley,156200,743200
PA73,Paisley,142600,741700
PA74,Paisley,140000,745900
PA75,Paisley,147100,754300
PA76,Paisley,128500,724400
PA77,Paisley,99500,744300
PA78,Paisley,121300,757300
PA8,Paisley,246700,670300
PA9,Paisley,240100,660300
PE1,Peterborough,519300,300300
PE10,Peterborough,509500,321200
PE11,Peterborough,523600,324900
PE12,Peterborough,536800,322600
PE13,Peterborough,544600,310100
PE14,Peterborough,549600,306900
PE15,Peterborough,541500,295200
PE16,Peterborough,539300,286000
PE19,Peterborough,518900,261900
PE2,Peterborough,517700,297300
PE20,Peterborough,527600,338900
PE21,Peterborough,532800,343800
PE22,Peterborough,537100,352100
PE23,Peterborough,539800,366000
PE24,Peterborough,551600,365600
PE25,Peterborough,556200,364300
PE26,Peterborough,528200,285600
PE27,Peterborough,531100,272400
PE28,Peterborough,523500,274900
PE29,Peterborough,524100,272200
PE3,Peterborough,516800,300300
PE30,Peterborough,563200,320800
PE31,Peterborough,572700,334000
PE32,Peterborough,577400,318000
PE33,Peterborough,567000,308500
PE34,Peterborough,558000,316700
PE35,Peterborough,569200,328300
PE36,Peterborough,568500,340600
PE37,Peterborough,582200,308600
PE38,Peterborough,561000,301800
PE4,Peterborough,517400,303100
PE5,Peterborough,512200,299200
PE6,Peterborough,518000,307900
PE7,Peterborough,522200,295000
PE8,Peterborough,505700,293300
PE9,Peterborough,502800,307400
PH1,Perth,309000,726400
PH10,Perth,316500,747100
PH11,Perth,324300,750400
PH12,Perth,329200,743200
PH13,Perth,321700,739100
PH14,Perth,326900,729600
PH15,Perth,280900,748100
PH16,Perth,289200,758700
PH17,Perth,254100,757600
PH18,Perth,284600,766300
PH19,Perth,262800,784800
PH2,Perth,313300,722500
PH20,Perth,269300,797900
PH21,Perth,277500,801500
PH22,Perth,290900,813400
PH23,Perth,291500,823300
PH24,Perth,294500,819500
PH25,Perth,300700,820200
PH26,Perth,303400,827700
PH3,Perth,294600,713500
PH30,Perth,241200,769700
PH31,Perth,228500,781400
PH32,Perth,237700,809100
PH33,Perth,210100,774300
PH34,Perth,221900,785400
PH35,Perth,222400,802100
PH36,Perth,163500,765500
PH38,Perth,171500,778900
PH39,Perth,166200,786700
PH4,Perth,289600,709000
PH40,Perth,169900,792200
PH41,Perth,167300,796800
PH42,Perth,147900,786600
PH43,Perth,140200,799700
PH44,Perth,127000,805200
PH49,Perth,209500,758000
PH5,Perth,287000,716700
PH50,Perth,218600,762000
PH6,Perth,276800,721700
PH7,Perth,287200,721600
PH8,Perth,301800,742300
PH9,Perth,296300,752300
PL1,Plymouth,246900,54600
PL10,Plymouth,242700,51900
PL11,Plymouth,240000,55000
PL12,Plymouth,240300,60200
PL13,Plymouth,224000,53800
PL14,Plymouth,225100,65600
PL15,Plymouth,230300,84200
PL16,Plymouth,239700,85400
PL17,Plymouth,236600,71100
PL18,Plymouth,242700,70800
PL19,Plymouth,247400,75200
PL2,Plymouth,246300,56600
PL20,Plymouth,251100,69000
PL21,Plymouth,263700,55800
PL22,Plymouth,211600,59300
PL23,Plymouth,212500,51900
PL24,Plymouth,207300,54100
PL25,Plymouth,202300,52700
PL26,Plymouth,199000,53000
PL27,Plymouth,196300,73200
PL28,Plymouth,189800,74700
PL29,Plymouth,199700,80100
PL3,Plymouth,248900,56400
PL30,Plymouth,206600,70300
PL31,Plymouth,206900,66800
PL32,Plymouth,211900,84900
PL33,Plymouth,206900,83800
PL34,Plymouth,206200,88100
PL35,Plymouth,210400,90700
PL4,Plymouth,248700,55000
PL5,Plymouth,246100,59000
PL6,Plymouth,249700,59700
PL7,Plymouth,254700,56700
PL8,Plymouth,256800,50400
PL9,Plymouth,251500,52600
PO1,Portsmouth,464300,100400
PO10,Portsmouth,475400,106300
PO11,Portsmouth,472200,99700
PO12,Portsmouth,460500,100200
PO13,Portsmouth,457900,101800
PO14,Portsmouth,455000,104500
PO15,Portsmouth,455000,107300
PO16,Portsmouth,459200,106000
PO17,Portsmouth,458500,110400
PO18,Portsmouth,483400,107900
PO19,Portsmouth,486100,105000
PO2,Portsmouth,465000,102300
PO20,Portsmouth,485600,98900
PO21,Portsmouth,491900,99100
PO22,Portsmouth,495300,100800
PO3,Portsmouth,466300,102300
PO30,Portsmouth,448500,88200
PO31,Portsmouth,449000,95100
PO32,Portsmouth,450800,94900
PO33,Portsmouth,458600,91700
PO34,Portsmouth,462700,91100
PO35,Portsmouth,464700,87900
PO36,Portsmouth,459200,84600
PO37,Portsmouth,458200,81700
PO38,Portsmouth,453700,78600
PO39,Portsmouth,432600,86900
PO4,Portsmouth,466100,99400
PO40,Portsmouth,433900,87100
PO41,Portsmouth,436900,89100
PO5,Portsmouth,464500,99200
PO6,Portsmouth,465600,105600
PO7,Portsmouth,467700,109700
PO8,Portsmouth,469400,112900
PO9,Portsmouth,471600,107600
PR1,Preston,353800,429300
PR2,Preston,353400,431500
PR25,Preston,354300,422200
PR26,Preston,351100,421500
PR3,Preston,352900,441600
PR4,Preston,345100,428900
PR5,Preston,356700,426300
PR6,Preston,359700,419200
PR7,Preston,356900,416700
PR8,Preston,333200,414900
PR9,Preston,336000,418600
RG1,Reading,471600,173300
RG10,Reading,479000,176400
RG12,Reading,487000,168300
RG14,Reading,447200,167000
RG17,Reading,435600,171400
RG18,Reading,452700,170800
RG19,Reading,452800,166400
RG2,Reading,472700,170300
RG20,Reading,446200,167400
RG21,Reading,463500,152300
RG22,Reading,461300,150500
RG23,Reading,459600,151700
RG24,Reading,464800,154000
RG25,Reading,458500,148000
RG26,Reading,461400,161600
RG27,Reading,473800,156200
RG28,Reading,446500,148500
RG29,Reading,473600,150400
RG30,Reading,468600,173000
RG31,Reading,466600,173500
RG4,Reading,471600,176300
RG40,Reading,481100,167400
RG41,Reading,479500,169200
RG42,Reading,486600,170600
RG45,Reading,483500,164700
RG5,Reading,476000,173200
RG6,Reading,474300,171700
RG7,Reading,464200,167000
RG8,Reading,462100,178900
RG9,Reading,474700,183400
RH1,Redhill,528700,150300
RH10,Redhill,528900,137000
RH11,Redhill,525600,136200
RH12,Redhill,516800,132100
RH13,Redhill,517400,127800
RH14,Redhill,506400,127000
RH15,Redhill,531100,119200
RH16,Redhill,533500,124300
RH17,Redhill,532200,126400
RH18,Redhill,542200,135100
RH19,Redhill,539100,138100
RH2,Redhill,525500,150000
RH20,Redhill,507500,116400
RH3,Redhill,520100,149600
RH4,Redhill,516300,149100
RH5,Redhill,515900,145300
RH6,Redhill,528500,143000
RH7,Redhill,538700,143600
RH8,Redhill,539800,152200
RH9,Redhill,534800,150300
RM1,Romford,551300,189300
RM10,Romford,549700,185100
RM11,Romford,553800,188000
RM12,Romford,553100,186100
RM13,Romford,552300,182900
RM14,Romford,557000,186600
RM15,Romford,558100,181300
RM16,Romford,562500,179600
RM17,Romford,561800,178200
RM18,Romford,565100,176900
RM19,Romford,556100,178400
RM2,Romford,552600,189500
RM20,Romford,558900,178000
RM3,Romford,554200,191600
RM4,Romford,549500,194900
RM5,Romford,550000,191200
RM6,Romford,547800,188500
RM7,Romford,550400,188500
RM8,Romford,547800,186400
RM9,Romford,548100,184600
S1,Sheffield,435400,387200
S10,Sheffield,432100,386800
S11,Sheffield,432900,385100
S12,Sheffield,439600,383700
S13,Sheffield,441100,385500
S14,Sheffield,437100,383400
S17,Sheffield,431600,380600
S18,Sheffield,435200,378200
S2,Sheffield,436800,386000
S20,Sheffield,443200,382200
S21,Sheffield,444100,379700
S25,Sheffield,452300,386100
S26,Sheffield,447500,384700
S3,Sheffield,435100,388000
S32,Sheffield,424100,377600
S33,Sheffield,418600,382800
S35,Sheffield,433500,395800
S36,Sheffield,425700,400800
S4,Sheffield,436600,389300
S40,Sheffield,437000,370900
S41,Sheffield,438200,372400
S42,Sheffield,438600,367200
S43,Sheffield,443900,374700
S44,Sheffield,445900,370000
S45,Sheffield,438700,363400
S5,Sheffield,435800,391800
S6,Sheffield,432600,389600
S60,Sheffield,443400,391000
S61,Sheffield,440300,394300
S62,Sheffield,443400,396700
S63,Sheffield,444500,402600
S64,Sheffield,446500,399600
S65,Sheffield,445200,393400
S66,Sheffield,450400,391800
S7,Sheffield,434000,384300
S70,Sheffield,434900,405100
S71,Sheffield,436000,408700
S72,Sheffield,440300,409300
S73,Sheffield,440200,403300
S74,Sheffield,437200,400600
S75,Sheffield,431800,407400
S8,Sheffield,434900,382700
S80,Sheffield,456700,377600
S81,Sheffield,458500,382700
S9,Sheffield,438800,389200
SA1,Swansea,265800,193900
SA10,Swansea,275700,200300
SA11,Swansea,278200,198800
SA12,Swansea,275800,191400
SA13,Swansea,280600,191100
SA14,Swansea,254500,205900
SA15,Swansea,250300,202400
SA16,Swansea,244100,201400
SA17,Swansea,242300,209100
SA18,Swansea,265000,212900
SA19,Swansea,266200,230100
SA2,Swansea,262000,193200
SA20,Swansea,277400,236200
SA3,Swansea,257900,188800
SA31,Swansea,241100,220100
SA32,Swansea,250600,223100
SA33,Swansea,232300,219700
SA34,Swansea,219700,220400
SA35,Swansea,224200,233700
SA36,Swansea,220900,232000
SA37,Swansea,222100,238600
SA38,Swansea,230400,240900
SA39,Swansea,246200,238100
SA4,Swansea,258400,198900
SA40,Swansea,251100,245100
SA41,Swansea,214200,236700
SA42,Swansea,204300,239100
SA43,Swansea,219900,246400
SA44,Swansea,237500,245800
SA45,Swansea,238900,259300
SA46,Swansea,246400,261800
SA47,Swansea,243100,257200
SA48,Swansea,255600,251600
SA5,Swansea,263800,196300
SA6,Swansea,267200,199200
SA61,Swansea,195000,215400
SA62,Swansea,189000,220300
SA63,Swansea,203600,223400
SA64,Swansea,193300,238000
SA65,Swansea,196200,236400
SA66,Swansea,211200,223900
SA67,Swansea,211600,212800
SA68,Swansea,209000,207000
SA69,Swansea,213100,204800
SA7,Swansea,269300,197600
SA70,Swansea,210700,200600
SA71,Swansea,197500,200600
SA72,Swansea,197200,203300
SA73,Swansea,192000,206300
SA8,Swansea,272400,204200
SA9,Swansea,278100,210700
SE1,London,532600,179500
SE10,London,538800,177800
SE11,London,531300,178400
SE12,London,540700,173700
SE13,London,538300,175200
SE14,London,536000,177000
SE15,London,534400,176600
SE16,London,535200,179300
SE17,London,532400,178300
SE18,London,544000,178200
SE19,London,533200,170500
SE2,London,547000,178900
SE20,London,535100,169900
SE21,London,533000,172800
SE22,London,534000,174600
SE23,London,535600,173100
SE24,London,532100,174600
SE25,London,533900,168300
SE26,London,535300,171600
SE27,London,532000,171900
SE28,London,546300,180300
SE3,London,540300,176400
SE4,London,536600,175400
SE5,London,532600,176700
SE6,London,538000,172900
SE7,London,541300,178100
SE8,London,536900,177700
SE9,London,542900,173800
SG1,Stevenage,524200,225200
SG10,Stevenage,542700,218300
SG11,Stevenage,539900,222300
SG12,Stevenage,536700,214700
SG13,Stevenage,533200,211600
SG14,Stevenage,531600,213800
SG15,Stevenage,519300,236400
SG16,Stevenage,516900,236600
SG17,Stevenage,514500,238700
SG18,Stevenage,518800,244100
SG19,Stevenage,520400,250500
SG2,Stevenage,526200,223600
SG3,Stevenage,525300,219600
SG4,Stevenage,519700,226200
SG5,Stevenage,517700,231300
SG6,Stevenage,522200,232700
SG7,Stevenage,525300,235500
SG8,Stevenage,536200,242500
SG9,Stevenage,536900,229400
SK1,Stockport,390000,390100
SK10,Stockport,391400,375700
SK11,Stockport,390500,372200
SK12,Stockport,393900,383900
SK13,Stockport,402400,394600
SK14,Stockport,396400,395000
SK15,Stockport,396900,398900
SK16,Stockport,394600,397500
SK17,Stockport,408100,371900
SK2,Stockport,391200,388700
SK22,Stockport,401000,386200
SK23,Stockport,403400,381200
SK3,Stockport,388700,389100
SK4,Stockport,388100,391400
SK5,Stockport,389900,393100
SK6,Stockport,394700,389900
SK7,Stockport,390600,385900
SK8,Stockport,386200,387000
SK9,Stockport,384700,381200
SL0,Slough,503100,181700
SL1,Slough,495800,180800
SL2,Slough,496900,182600
SL3,Slough,500500,178900
SL4,Slough,495500,176100
SL5,Slough,493100,168200
SL6,Slough,488400,181200
SL7,Slough,484800,186900
SL8,Slough,489600,187400
SL9,Slough,500100,189700
SM1,Sutton,525900,164600
SM2,Sutton,525600,163100
SM3,Sutton,524400,165000
SM4,Sutton,525300,167500
SM5,Sutton,527600,164800
SM6,Sutton,529300,164000
SM7,Sutton,525400,159800
SN1,Swindon,415700,184300
SN10,Swindon,400900,159700
SN11,Swindon,400100,171200
SN12,Swindon,390500,163700
SN13,Swindon,385400,169500
SN14,Swindon,386500,175200
SN15,Swindon,394500,174900
SN16,Swindon,393800,188300
SN2,Swindon,415100,186800
SN25,Swindon,414100,188100
SN26,Swindon,415000,190300
SN3,Swindon,417800,184800
SN4,Swindon,412500,181400
SN5,Swindon,411300,185200
SN6,Swindon,417900,191400
SN7,Swindon,430200,194600
SN8,Swindon,421900,167700
SN9,Swindon,414900,158400
SO14,Southampton,442500,112300
SO15,Southampton,440500,113200
SO16,Southampton,440000,115300
SO17,Southampton,442600,114300
SO18,Southampton,445000,114100
SO19,Southampton,445400,111700
SO20,Southampton,434700,135100
SO21,Southampton,448100,130900
SO22,Southampton,446800,129800
SO23,Southampton,448500,130100
SO24,Southampton,459800,132000
SO30,Southampton,448800,113600
SO31,Southampton,449600,108000
SO32,Southampton,455600,116800
SO40,Southampton,435100,113000
SO41,Southampton,430700,95200
SO42,Southampton,432800,101300
SO43,Southampton,429300,109900
SO45,Southampton,442700,105600
SO50,Southampton,446400,119100
SO51,Southampton,434800,121800
SO52,Southampton,439300,119900
SO53,Southampton,443500,120800
SP1,Salisbury,414800,130600
SP10,Salisbury,436100,145900
SP11,Salisbury,434000,147700
SP2,Salisbury,412300,130600
SP3,Salisbury,399600,133600
SP4,Salisbury,416500,140700
SP5,Salisbury,416000,124900
SP6,Salisbury,414000,115200
SP7,Salisbury,387200,122800
SP8,Salisbury,379700,126500
SP9,Salisbury,423700,148000
SR1,Sunderland,439800,557100
SR2,Sunderland,440000,554900
SR3,Sunderland,437500,553800
SR4,Sunderland,436900,556400
SR5,Sunderland,436900,558900
SR6,Sunderland,439800,560200
SR7,Sunderland,441000,548600
SR8,Sunderland,442800,541500
SR9,Sunderland,440100,556600
SS0,Southend on Sea,586600,186500
SS1,Southend on Sea,589500,185600
SS11,Southend on Sea,575700,193800
SS12,Southend on Sea,574600,192700
SS13,Southend on Sea,573900,189200
SS14,Southend on Sea,571500,189200
SS15,Southend on Sea,568500,189300
SS16,Southend on Sea,570100,187700
SS17,Southend on Sea,569300,183100
SS2,Southend on Sea,588400,187000
SS3,Southend on Sea,593600,186400
SS4,Southend on Sea,588000,191900
SS5,Southend on Sea,583500,193200
SS6,Southend on Sea,580700,190900
SS7,Southend on Sea,578800,188000
SS8,Southend on Sea,579700,183600
SS9,Southend on Sea,583900,187300
ST1,Stoke on Trent,388500,347700
ST10,Stoke on Trent,402500,343600
ST11,Stoke on Trent,395600,341100
ST12,Stoke on Trent,388500,339000
ST13,Stoke on Trent,398800,356000
ST14,Stoke on Trent,408900,334000
ST15,Stoke on Trent,390100,333700
ST16,Stoke on Trent,392000,324000
ST17,Stoke on Trent,393300,321300
ST18,Stoke on Trent,394500,324100
ST19,Stoke on Trent,390100,312800
ST2,Stoke on Trent,390900,347800
ST20,Stoke on Trent,382300,322400
ST21,Stoke on Trent,382600,330100
ST3,Stoke on Trent,391800,342600
ST4,Stoke on Trent,387700,344200
ST5,Stoke on Trent,384100,346500
ST6,Stoke on Trent,387300,351200
ST7,Stoke on Trent,382200,354600
ST8,Stoke on Trent,388800,357600
ST9,Stoke on Trent,393400,350400
SW1,London,529200,179100
SW10,London,526300,177700
SW11,London,527500,175800
SW12,London,528700,173500
SW13,London,521900,176600
SW14,London,520500,175500
SW15,London,523300,174700
SW16,London,530200,170900
SW17,London,527700,171800
SW18,London,525800,173900
SW19,London,524900,170900
SW1A,London,529700,179900
SW1E,London,529200,179300
SW1H,London,529600,179400
SW1P,London,529600,179100
SW1V,London,529300,178500
SW1W,London,528600,178800
SW1X,London,528200,179300
SW1Y,London,529500,180200
SW2,London,530700,174000
SW20,London,523400,169500
SW3,London,527400,178400
SW4,London,529500,175200
SW5,London,525800,178400
SW6,London,525000,176900
SW7,London,526700,179100
SW8,London,529800,176900
SW9,London,531100,176200
SY1,Shrewsbury,350000,314200
SY10,Shrewsbury,324500,327100
SY11,Shrewsbury,330800,330400
SY12,Shrewsbury,339900,334400
SY13,Shrewsbury,353700,339600
SY14,Shrewsbury,348900,348300
SY15,Shrewsbury,323400,295900
SY16,Shrewsbury,311000,292200
SY17,Shrewsbury,300600,292000
SY18,Shrewsbury,294800,283700
SY19,Shrewsbury,290800,298600
SY2,Shrewsbury,350800,312400
SY20,Shrewsbury,276900,303400
SY21,Shrewsbury,318500,307400
SY22,Shrewsbury,320000,318300
SY23,Shrewsbury,260400,278000
SY24,Shrewsbury,262600,287800
SY25,Shrewsbury,267800,261800
SY3,Shrewsbury,348000,311600
SY4,Shrewsbury,349400,322300
SY5,Shrewsbury,344000,306500
SY6,Shrewsbury,346400,293800
SY7,Shrewsbury,339700,281200
SY8,Shrewsbury,352700,274400
SY9,Shrewsbury,333100,289400
TA1,Taunton,322700,124300
TA10,Taunton,342200,126300
TA11,Taunton,350800,129300
TA12,Taunton,345800,119800
TA13,Taunton,343100,116700
TA14,Taunton,347300,116600
TA15,Taunton,349600,117100
TA16,Taunton,344300,112300
TA17,Taunton,341300,112400
TA18,Taunton,344700,109600
TA19,Taunton,335800,115400
TA2,Taunton,322800,126600
TA20,Taunton,332400,108700
TA21,Taunton,312600,120500
TA22,Taunton,291700,128500
TA23,Taunton,305500,141200
TA24,Taunton,294500,143600
TA3,Taunton,327100,122200
TA4,Taunton,311200,131000
TA5,Taunton,322800,139200
TA6,Taunton,330100,136700
TA7,Taunton,336200,137200
TA8,Taunton,330700,150000
TA9,Taunton,333300,147900
TD1,Tweed,349000,637000
TD10,Tweed,371800,646600
TD11,Tweed,380200,655000
TD12,Tweed,385000,640000
TD13,Tweed,376900,670800
TD14,Tweed,392300,663800
TD15,Tweed,399200,650400
TD2,Tweed,352700,649100
TD3,Tweed,364100,645400
TD4,Tweed,357800,638900
TD5,Tweed,373800,632700
TD6,Tweed,356300,632300
TD7,Tweed,345000,627300
TD8,Tweed,365800,620300
TD9,Tweed,350900,611800
TF1,Telford,366000,311800
TF10,Telford,374000,319200
TF11,Telford,375700,307300
TF12,Telford,367500,301700
TF13,Telford,360600,298000
TF2,Telford,370300,311500
TF3,Telford,370000,307500
TF4,Telford,368400,307200
TF5,Telford,363800,313200
TF6,Telford,362600,315500
TF7,Telford,369600,304300
TF8,Telford,367600,303700
TF9,Telford,368500,333500
TN1,Tonbridge,558800,139800
TN10,Tonbridge,559700,148200
TN11,Tonbridge,558500,147700
TN12,Tonbridge,570600,144300
TN13,Tonbridge,552400,155300
TN14,Tonbridge,550700,157400
TN15,Tonbridge,558200,158100
TN16,Tonbridge,543100,157000
TN17,Tonbridge,577700,136100
TN18,Tonbridge,577100,130200
TN19,Tonbridge,568900,125400
TN2,Tonbridge,560000,140100
TN20,Tonbridge,558200,127700
TN21,Tonbridge,559000,120200
TN22,Tonbridge,547400,122300
TN23,Tonbridge,600100,141700
TN24,Tonbridge,601900,142900
TN25,Tonbridge,605600,142500
TN26,Tonbridge,596400,137200
TN27,Tonbridge,589200,144200
TN28,Tonbridge,607200,124500
TN29,Tonbridge,605900,125700
TN3,Tonbridge,557600,138400
TN30,Tonbridge,589000,132700
TN31,Tonbridge,588700,121600
TN32,Tonbridge,574800,123000
TN33,Tonbridge,574100,115300
TN34,Tonbridge,581800,110400
TN35,Tonbridge,583800,112300
TN36,Tonbridge,589900,117000
TN37,Tonbridge,580000,111200
TN38,Tonbridge,579100,110200
TN39,Tonbridge,572800,108100
TN4,Tonbridge,558000,141000
TN40,Tonbridge,574900,108000
TN5,Tonbridge,565500,132200
TN6,Tonbridge,552400,130400
TN7,Tonbridge,547700,134700
TN8,Tonbridge,545300,146000
TN9,Tonbridge,559100,146000
TQ1,Torquay,292000,64700
TQ10,Torquay,270800,59900
TQ11,Torquay,273600,66200
TQ12,Torquay,285800,71200
TQ13,Torquay,278400,78500
TQ14,Torquay,293300,73400
TQ2,Torquay,290500,65000
TQ3,Torquay,288200,61600
TQ4,Torquay,288500,59400
TQ5,Torquay,291800,55800
TQ6,Torquay,287000,50900
TQ7,Torquay,273000,44100
TQ8,Torquay,273700,39000
TQ9,Torquay,280000,58800
TR1,Truro,182400,44800
TR10,Truro,177400,34300
TR11,Truro,179500,32300
TR12,Truro,172400,20800
TR13,Truro,165200,28500
TR14,Truro,164800,39700
TR15,Truro,169200,42000
TR16,Truro,170400,42000
TR17,Truro,152200,30800
TR18,Truro,146900,30100
TR19,Truro,140600,28600
TR2,Truro,189600,43500
TR20,Truro,150700,31600
TR21,Truro,94600,12000
TR22,Truro,88100,8200
TR23,Truro,87900,15000
TR24,Truro,89200,15200
TR25,Truro,92200,16000
TR26,Truro,151800,39500
TR27,Truro,157100,36900
TR3,Truro,178200,39900
TR4,Truro,176600,47400
TR5,Truro,172800,50300
TR6,Truro,175800,53900
TR7,Truro,181700,61600
TR8,Truro,184200,59900
TR9,Truro,191400,61300
TS1,Teeside,449300,519900
TS10,Teeside,460200,523900
TS11,Teeside,463000,521800
TS12,Teeside,466900,519100
TS13,Teeside,474100,517800
TS14,Teeside,460800,515600
TS15,Teeside,443400,510900
TS16,Teeside,441900,514500
TS17,Teeside,445100,516000
TS18,Teeside,443800,518800
TS19,Teeside,442400,520500
TS2,Teeside,449400,521300
TS20,Teeside,444400,521400
TS21,Teeside,437100,525900
TS22,Teeside,444300,525000
TS23,Teeside,446200,523900
TS24,Teeside,450900,533800
TS25,Teeside,450100,530100
TS26,Teeside,449700,532800
TS27,Teeside,445900,536700
TS28,Teeside,440400,536900
TS29,Teeside,437400,535200
TS3,Teeside,452000,518700
TS4,Teeside,450300,518100
TS5,Teeside,448500,517600
TS6,Teeside,454800,519300
TS7,Teeside,452800,515700
TS8,Teeside,449800,514300
TS9,Teeside,454200,508200
TW1,Twickenham,516400,173700
TW10,Twickenham,518000,173700
TW11,Twickenham,516000,171100
TW12,Twickenham,513400,170500
TW13,Twickenham,511200,172300
TW14,Twickenham,509900,173800
TW15,Twickenham,507400,171300
TW16,Twickenham,510200,169700
TW17,Twickenham,508100,167700
TW18,Twickenham,503800,171000
TW19,Twickenham,504100,173700
TW2,Twickenham,514700,173300
TW20,Twickenham,500800,170800
TW3,Twickenham,513800,175600
TW4,Twickenham,512300,175400
TW5,Twickenham,512400,177000
TW6,Twickenham,507900,175700
TW7,Twickenham,515800,176300
TW8,Twickenham,517600,177700
TW9,Twickenham,518500,175700
UB1,Uvbridge,512900,180800
UB10,Uvbridge,507300,184400
UB11,Uvbridge,507000,181200
UB2,Uvbridge,512500,179100
UB3,Uvbridge,509500,179700
UB4,Uvbridge,510500,181800
UB5,Uvbridge,512700,184000
UB6,Uvbridge,514900,183600
UB7,Uvbridge,506200,179700
UB8,Uvbridge,505900,182900
UB9,Uvbridge,504600,188100
W1,London,528900,181200
W10,London,523900,181800
W11,London,524600,180800
W12,London,522900,180300
W13,London,516600,180700
W14,London,524300,178900
W1B,London,529100,181100
W1C,London,528500,181100
W1D,London,529700,181100
W1F,London,529400,181000
W1G,London,528600,181600
W1H,London,527700,181400
W1J,London,528800,180400
W1K,London,528400,180800
W1M,London,528400,181600
W1S,London,529000,180800
W1T,London,529400,181800
W1U,London,528200,181600
W1W,London,529100,181700
W2,London,526400,181200
W3,London,520200,180400
W4,London,520600,178400
W5,London,517900,180700
W6,London,523000,178600
W7,London,515600,180500
W8,London,525400,179500
W9,London,525500,182400
WA1,Warrington,362200,388800
WA10,Warrington,349900,395500
WA11,Warrington,352300,398100
WA12,Warrington,358100,395400
WA13,Warrington,368800,387400
WA14,Warrington,376200,387800
WA15,Warrington,378400,387500
WA16,Warrington,375300,378500
WA2,Warrington,361400,390600
WA3,Warrington,363600,395400
WA4,Warrington,361800,385500
WA5,Warrington,357700,389300
WA6,Warrington,351800,375300
WA7,Warrington,353200,381700
WA8,Warrington,350700,386400
WA9,Warrington,352300,393600
WC1,London,530300,182000
WC1A,London,530100,181500
WC1B,London,530000,181700
WC1E,London,529600,181900
WC1H,London,530000,182300
WC1N,London,530400,182000
WC1R,London,530700,181700
WC1V,London,530500,181500
WC1X,London,530700,182400
WC2,London,530200,181100
WC2A,London,530800,181400
WC2B,London,530300,181300
WC2E,London,530200,181000
WC2H,London,529900,181100
WC2N,London,530100,180700
WC2R,London,530500,180900
WD1,Watford,510700,195500
WD17,Watford,510300,197100
WD18,Watford,509700,195600
WD19,Watford,511400,193800
WD2,Watford,512200,197800
WD23,Watford,513100,195400
WD24,Watford,510800,198100
WD25,Watford,511400,199600
WD3,Watford,505100,195200
WD4,Watford,506700,202300
WD5,Watford,509400,201900
WD6,Watford,519300,196800
WD7,Watford,516900,200000
WF1,Wakefield,433600,421300
WF10,Wakefield,443300,425500
WF11,Wakefield,449100,424100
WF12,Wakefield,425100,420900
WF13,Wakefield,423400,421900
WF14,Wakefield,420300,420500
WF15,Wakefield,419900,423600
WF16,Wakefield,421900,423800
WF17,Wakefield,423700,424800
WF2,Wakefield,432300,419700
WF3,Wakefield,431400,425300
WF4,Wakefield,431800,416900
WF5,Wakefield,428000,420500
WF6,Wakefield,438700,422800
WF7,Wakefield,442900,419100
WF8,Wakefield,446300,421200
WF9,Wakefield,445000,412400
WN1,Wigan,358500,406600
WN2,Wigan,361400,404600
WN3,Wigan,357300,403800
WN4,Wigan,357400,400000
WN5,Wigan,354600,404100
WN6,Wigan,355700,408800
WN7,Wigan,365700,400300
WN8,Wigan,349100,406500
WR1,Worcester,385200,255500
WR10,Worcester,395600,246300
WR11,Worcester,404900,244100
WR12,Worcester,408700,238300
WR13,Worcester,376600,244100
WR14,Worcester,378200,246200
WR15,Worcester,361300,267600
WR2,Worcester,383500,254700
WR3,Worcester,385600,257600
WR4,Worcester,387400,256300
WR5,Worcester,386400,253300
WR6,Worcester,374700,258900
WR7,Worcester,396400,255400
WR8,Worcester,386100,242700
WR9,Worcester,389300,263400
WS1,Walsall,401500,298000
WS10,Walsall,398600,295900
WS11,Walsall,398800,310200
WS12,Walsall,400100,312100
WS13,Walsall,412300,310500
WS14,Walsall,412600,307300
WS15,Walsall,405600,317900
WS2,Walsall,399900,299000
WS3,Walsall,400700,302300
WS4,Walsall,402800,300900
WS5,Walsall,402800,296700
WS6,Walsall,398500,306700
WS7,Walsall,405900,309200
WS8,Walsall,404500,305400
WS9,Walsall,405600,301300
WV1,Wolverhampton,392200,298700
WV10,Wolverhampton,392400,302200
WV11,Wolverhampton,395200,301400
WV12,Wolverhampton,397300,300900
WV13,Wolverhampton,395900,298600
WV14,Wolverhampton,394700,295500
WV15,Wolverhampton,374600,291000
WV16,Wolverhampton,370100,290500
WV2,Wolverhampton,392000,297400
WV3,Wolverhampton,389800,298000
WV4,Wolverhampton,390400,296100
WV5,Wolverhampton,385800,292900
WV6,Wolverhampton,387700,299800
WV7,Wolverhampton,381700,304000
WV8,Wolverhampton,387600,302900
WV9,Wolverhampton,390500,304000
YO1,York,460300,451800
YO10,York,461800,450900
YO11,York,504500,486700
YO12,York,502700,487600
YO13,York,497900,489100
YO14,York,511100,479500
YO15,York,519200,468000
YO16,York,517700,468100
YO17,York,481400,471900
YO18,York,480300,485500
YO19,York,464300,446500
YO21,York,483500,509800
YO22,York,489400,507000
YO23,York,457700,448100
YO24,York,458100,450400
YO25,York,504000,457700
YO26,York,454300,453500
YO30,York,458100,454800
YO31,York,461400,453000
YO32,York,461700,457700
YO41,York,472000,453200
YO42,York,479400,448100
YO43,York,486200,440100
YO51,York,440800,465300
YO60,York,469300,465700
YO61,York,452700,469200
YO62,York,465600,483500
YO7,York,442400,481100
YO8,York,462100,432100
ZE1,Shetland Isles,446200,1141100
ZE2,Shetland Isles,442800,1160900
ZE3,Shetland Isles,439000,1111100
